분기별 연도,강원도_15-64세 고용률,강원도_15세이상인구,강원도_경제활동인구,강원도_경제활동참가율,강원도_고용률,강원도_비경제활동인구,강원도_실업률,강원도_실업자,강원도_취업자,경기도_15-64세 고용률,경기도_15세이상인구,경기도_경제활동인구,경기도_경제활동참가율,경기도_고용률,경기도_비경제활동인구,경기도_실업률,경기도_실업자,경기도_취업자,경상남도_15-64세 고용률,경상남도_15세이상인구,경상남도_경제활동인구,경상남도_경제활동참가율,경상남도_고용률,경상남도_비경제활동인구,경상남도_실업률,경상남도_실업자,경상남도_취업자,경상북도_15-64세 고용률,경상북도_15세이상인구,경상북도_경제활동인구,경상북도_경제활동참가율,경상북도_고용률,경상북도_비경제활동인구,경상북도_실업률,경상북도_실업자,경상북도_취업자,계_15-64세 고용률,계_15세이상인구,계_경제활동인구,계_경제활동참가율,계_고용률,계_비경제활동인구,계_실업률,계_실업자,계_취업자,광주광역시_15-64세 고용률,광주광역시_15세이상인구,광주광역시_경제활동인구,광주광역시_경제활동참가율,광주광역시_고용률,광주광역시_비경제활동인구,광주광역시_실업률,광주광역시_실업자,광주광역시_취업자,대구광역시_15-64세 고용률,대구광역시_15세이상인구,대구광역시_경제활동인구,대구광역시_경제활동참가율,대구광역시_고용률,대구광역시_비경제활동인구,대구광역시_실업률,대구광역시_실업자,대구광역시_취업자,대전광역시_15-64세 고용률,대전광역시_15세이상인구,대전광역시_경제활동인구,대전광역시_경제활동참가율,대전광역시_고용률,대전광역시_비경제활동인구,대전광역시_실업률,대전광역시_실업자,대전광역시_취업자,부산광역시_15-64세 고용률,부산광역시_15세이상인구,부산광역시_경제활동인구,부산광역시_경제활동참가율,부산광역시_고용률,부산광역시_비경제활동인구,부산광역시_실업률,부산광역시_실업자,부산광역시_취업자,서울특별시_15-64세 고용률,서울특별시_15세이상인구,서울특별시_경제활동인구,서울특별시_경제활동참가율,서울특별시_고용률,서울특별시_비경제활동인구,서울특별시_실업률,서울특별시_실업자,서울특별시_취업자,세종특별자치시_15-64세 고용률,세종특별자치시_15세이상인구,세종특별자치시_경제활동인구,세종특별자치시_경제활동참가율,세종특별자치시_고용률,세종특별자치시_비경제활동인구,세종특별자치시_실업률,세종특별자치시_실업자,세종특별자치시_취업자,울산광역시_15-64세 고용률,울산광역시_15세이상인구,울산광역시_경제활동인구,울산광역시_경제활동참가율,울산광역시_고용률,울산광역시_비경제활동인구,울산광역시_실업률,울산광역시_실업자,울산광역시_취업자,인천광역시_15-64세 고용률,인천광역시_15세이상인구,인천광역시_경제활동인구,인천광역시_경제활동참가율,인천광역시_고용률,인천광역시_비경제활동인구,인천광역시_실업률,인천광역시_실업자,인천광역시_취업자,전라남도_15-64세 고용률,전라남도_15세이상인구,전라남도_경제활동인구,전라남도_경제활동참가율,전라남도_고용률,전라남도_비경제활동인구,전라남도_실업률,전라남도_실업자,전라남도_취업자,전라북도_15-64세 고용률,전라북도_15세이상인구,전라북도_경제활동인구,전라북도_경제활동참가율,전라북도_고용률,전라북도_비경제활동인구,전라북도_실업률,전라북도_실업자,전라북도_취업자,제주도_15-64세 고용률,제주도_15세이상인구,제주도_경제활동인구,제주도_경제활동참가율,제주도_고용률,제주도_비경제활동인구,제주도_실업률,제주도_실업자,제주도_취업자,충청남도_15-64세 고용률,충청남도_15세이상인구,충청남도_경제활동인구,충청남도_경제활동참가율,충청남도_고용률,충청남도_비경제활동인구,충청남도_실업률,충청남도_실업자,충청남도_취업자,충청북도_15-64세 고용률,충청북도_15세이상인구,충청북도_경제활동인구,충청북도_경제활동참가율,충청북도_고용률,충청북도_비경제활동인구,충청북도_실업률,충청북도_실업자,충청북도_취업자
2015Q02,65.3,1278.8,785.2,61.4,59.5,493.6,3.0,23.8,761.4,67.1,10339.7,6689.0,64.7,62.1,3650.7,4.0,269.3,6419.7,66.2,2789.0,1746.7,62.6,61.0,1042.3,2.6,45.7,1701.0,68.1,2296.0,1502.2,65.4,63.5,793.8,3.0,44.5,1457.7,66.1,43194.2,27381.5,63.4,61.0,15812.7,3.8,1040.1,26341.4,62.7,1252.6,755.4,60.3,58.4,497.2,3.2,24.3,731.2,65.9,2096.0,1303.2,62.2,59.9,792.9,3.6,46.9,1256.3,64.6,1290.1,799.8,62.0,59.8,490.3,3.5,28.3,771.4,62.6,2993.0,1768.7,59.1,56.3,1224.2,4.7,82.4,1686.3,65.4,8618.3,5410.9,62.8,59.9,3207.3,4.6,246.9,5164.0,,,,,,,,,,62.6,969.2,593.9,61.3,59.3,375.3,3.2,19.1,574.8,65.8,2429.4,1579.3,65.0,61.5,850.1,5.4,85.5,1493.7,68.0,1531.0,996.0,65.1,63.6,535.0,2.2,22.0,973.9,65.3,1557.9,956.3,61.4,60.3,601.6,1.8,16.8,939.5,71.9,492.8,343.6,69.7,68.0,149.2,2.4,8.4,335.2,68.7,1917.3,1274.2,66.5,63.9,643.1,3.9,49.7,1224.5,68.5,1343.1,877.1,65.3,63.3,466.0,3.0,26.5,850.6
2015Q03,66.6,1281.9,800.3,62.4,60.7,481.6,2.7,21.9,778.4,67.0,10388.2,6712.2,64.6,62.0,3675.9,4.0,268.6,6443.6,66.6,2795.8,1759.3,62.9,61.4,1036.6,2.4,41.5,1717.7,68.0,2300.0,1490.3,64.8,63.1,809.7,2.7,39.5,1450.9,66.3,43296.5,27394.6,63.3,61.1,15901.9,3.4,930.0,26464.6,63.9,1254.5,764.5,60.9,59.4,490.0,2.5,19.3,745.2,65.4,2097.2,1293.8,61.7,59.6,803.4,3.4,44.2,1249.7,64.6,1290.5,795.4,61.6,59.9,495.1,2.9,22.9,772.6,62.7,2994.7,1744.3,58.2,56.3,1250.3,3.3,58.3,1686.0,65.7,8612.1,5398.0,62.7,60.2,3214.1,4.0,213.5,5184.5,,,,,,,,,,63.3,972.0,598.0,61.5,59.8,374.0,2.9,17.1,581.0,66.0,2437.0,1576.9,64.7,61.6,860.1,4.8,75.7,1501.2,68.1,1533.6,1000.5,65.2,63.6,533.1,2.6,25.6,974.9,65.5,1560.9,959.8,61.5,60.6,601.1,1.4,13.9,945.9,73.3,497.2,349.9,70.4,69.1,147.3,1.8,6.2,343.6,68.5,1933.2,1269.7,65.7,63.5,663.5,3.3,41.8,1228.0,69.3,1347.6,881.6,65.4,63.9,466.1,2.3,20.2,861.4
2015Q04,64.8,1284.5,766.2,59.6,58.1,518.3,2.6,19.8,746.4,66.8,10439.4,6658.2,63.8,61.6,3781.2,3.4,223.8,6434.4,66.4,2800.5,1758.7,62.8,61.2,1041.8,2.6,45.1,1713.6,68.4,2303.4,1485.5,64.5,62.8,817.8,2.6,38.1,1447.5,66.2,43387.0,27207.3,62.7,60.8,16179.8,3.1,845.3,26362.0,63.4,1255.6,756.8,60.3,58.6,498.8,2.8,21.0,735.8,65.5,2098.0,1287.1,61.3,59.5,810.9,3.0,38.1,1248.9,64.9,1291.3,798.8,61.9,59.9,492.5,3.1,24.7,774.1,63.1,2995.5,1751.5,58.5,56.5,1244.0,3.4,59.8,1691.8,65.7,8598.4,5362.2,62.4,60.1,3236.1,3.7,196.8,5165.4,,,,,,,,,,63.0,973.5,592.7,60.9,59.3,380.8,2.5,15.1,577.6,66.8,2444.8,1576.5,64.5,61.7,868.4,4.3,67.3,1509.1,68.7,1535.7,993.8,64.7,63.3,541.9,2.2,22.0,971.9,64.8,1563.1,940.8,60.2,59.2,622.3,1.6,15.2,925.6,74.7,501.9,357.1,71.1,70.0,144.7,1.6,5.8,351.3,68.2,1949.4,1248.0,64.0,62.1,701.3,3.0,37.4,1210.6,69.5,1352.1,873.3,64.6,63.5,478.8,1.8,15.3,858.0
2016Q01,61.5,1284.1,722.9,56.3,53.7,561.2,4.6,33.4,689.5,66.1,10469.7,6638.3,63.4,60.5,3831.4,4.5,301.1,6337.2,65.0,2804.9,1729.3,61.7,59.5,1075.6,3.5,60.3,1669.0,66.7,2309.0,1455.2,63.0,60.6,853.8,3.8,55.0,1400.1,65.2,43472.0,26896.2,61.9,59.2,16575.8,4.3,1149.0,25747.2,62.4,1255.8,745.9,59.4,57.4,509.9,3.3,24.9,721.0,64.2,2100.8,1285.9,61.2,58.1,815.0,5.1,65.4,1220.5,64.1,1294.4,791.6,61.2,59.0,502.9,3.4,27.2,764.3,62.8,3001.2,1758.5,58.6,55.9,1242.7,4.6,81.2,1677.3,65.1,8598.8,5347.0,62.2,59.3,3251.7,4.7,250.8,5096.2,,,,,,,,,,61.8,974.6,588.8,60.4,58.0,385.8,4.0,23.4,565.4,66.7,2450.1,1580.2,64.5,61.0,869.9,5.4,85.7,1494.5,66.2,1536.3,956.0,62.2,59.9,580.3,3.8,35.9,920.0,63.6,1566.1,919.1,58.7,57.1,647.1,2.7,24.7,894.4,73.3,505.7,352.5,69.7,68.1,153.3,2.2,7.9,344.5,65.1,1963.9,1194.6,60.8,58.3,769.2,4.1,49.3,1145.4,66.7,1356.5,830.5,61.2,59.6,526.0,2.7,22.7,807.8
2016Q02,65.8,1287.1,789.3,61.3,60.0,497.8,2.2,17.1,772.2,67.1,10522.5,6794.6,64.6,62.0,3727.9,4.0,270.8,6523.8,65.8,2810.0,1768.0,62.9,60.6,1042.0,3.6,64.1,1703.9,68.0,2312.7,1510.7,65.3,63.2,802.0,3.2,48.1,1462.6,66.2,43569.3,27578.4,63.3,60.9,15990.9,3.7,1026.5,26551.9,62.8,1257.1,756.5,60.2,58.4,500.6,2.9,21.8,734.7,65.2,2102.0,1309.1,62.3,59.6,792.9,4.3,56.3,1252.8,64.7,1295.4,801.0,61.8,60.0,494.4,3.0,23.9,777.0,62.5,3002.5,1759.0,58.6,56.3,1243.5,3.8,67.3,1691.6,65.8,8586.2,5374.9,62.6,60.0,3211.2,4.2,226.0,5148.9,,,,,,,,,,62.1,976.3,596.2,61.1,58.9,380.1,3.5,21.1,575.1,67.4,2458.4,1613.4,65.6,62.2,845.0,5.2,83.2,1530.2,67.7,1538.6,1001.0,65.1,63.4,537.6,2.6,25.9,975.1,66.1,1568.6,981.5,62.6,61.0,587.1,2.5,24.3,957.2,73.2,510.5,359.0,70.3,68.8,151.4,2.2,7.9,351.2,67.7,1980.3,1284.4,64.9,62.7,695.9,3.4,43.4,1241.0,68.5,1361.2,879.9,64.6,62.8,481.4,2.9,25.2,854.7
2016Q03,65.5,1289.0,794.7,61.7,60.0,494.3,2.6,20.7,774.0,67.6,10574.0,6842.9,64.7,62.3,3731.1,3.7,250.8,6592.1,66.2,2814.4,1781.6,63.3,61.0,1032.7,3.6,64.5,1717.1,67.6,2314.5,1503.5,65.0,63.0,811.0,3.1,45.9,1457.6,66.5,43652.0,27702.2,63.5,61.2,15949.8,3.5,983.0,26719.1,62.6,1257.9,758.3,60.3,58.3,499.6,3.3,24.7,733.6,65.9,2102.9,1311.7,62.4,60.1,791.2,3.7,48.3,1263.4,64.8,1295.8,804.2,62.1,59.9,491.7,3.5,28.3,775.8,62.4,3001.4,1754.0,58.4,56.2,1247.4,3.8,66.8,1687.2,65.9,8576.1,5381.1,62.7,60.2,3195.1,4.1,218.5,5162.6,,,,,,,,,,62.6,976.9,602.5,61.7,59.3,374.4,3.8,22.9,579.6,67.6,2465.0,1611.3,65.4,62.3,853.8,4.7,75.4,1535.9,68.6,1539.7,1017.8,66.1,64.3,521.9,2.8,28.4,989.4,66.6,1569.8,980.0,62.4,61.6,589.8,1.3,12.4,967.5,73.6,514.6,365.7,71.1,69.3,148.9,2.4,8.9,356.8,68.6,1994.9,1307.8,65.6,63.4,687.1,3.3,42.9,1264.9,69.0,1364.9,885.2,64.9,63.1,479.8,2.7,23.6,861.6
2016Q04,65.6,1290.6,777.5,60.2,59.0,513.1,2.0,15.8,761.7,67.3,10626.5,6793.4,63.9,61.8,3833.1,3.4,231.4,6562.0,66.7,2818.6,1771.8,62.9,61.2,1046.8,2.6,46.3,1725.6,67.8,2314.8,1491.4,64.4,62.7,823.4,2.6,39.3,1452.2,66.5,43729.7,27496.6,62.9,60.9,16233.1,3.2,878.4,26618.2,62.5,1258.4,751.9,59.8,58.1,506.6,2.8,21.2,730.7,65.7,2104.1,1296.7,61.6,59.5,807.4,3.5,45.7,1251.0,64.9,1295.9,802.3,61.9,60.0,493.6,3.0,24.2,778.1,62.8,2998.5,1746.3,58.2,56.3,1252.2,3.4,58.7,1687.6,66.2,8570.2,5384.5,62.8,60.4,3185.7,3.9,207.5,5177.0,,,,,,,,,,63.3,976.7,606.3,62.1,59.6,370.4,3.9,23.9,582.5,67.1,2470.7,1588.1,64.3,61.6,882.6,4.2,67.2,1520.8,67.6,1540.0,1001.5,65.0,63.2,538.5,2.9,28.7,972.9,65.6,1570.1,959.4,61.1,60.0,610.7,1.8,17.4,941.9,75.0,518.4,373.1,72.0,70.7,145.3,1.8,6.6,366.5,68.6,2008.2,1278.1,63.6,62.4,730.1,1.9,24.9,1253.2,68.6,1367.9,874.2,63.9,62.5,493.7,2.2,19.6,854.6
2017Q01,64.1,1292.7,753.6,58.3,56.0,539.1,3.9,29.5,724.1,66.9,10681.7,6806.1,63.7,61.0,3875.6,4.3,294.7,6511.4,65.8,2823.6,1749.7,62.0,59.8,1073.9,3.4,59.7,1689.9,66.9,2315.7,1466.2,63.3,60.8,849.5,3.9,57.4,1408.7,65.8,43818.1,27262.1,62.2,59.6,16556.0,4.3,1162.1,26100.0,63.4,1259.3,753.6,59.8,58.3,505.7,2.6,19.9,733.7,65.3,2105.9,1294.9,61.5,58.7,811.0,4.6,59.6,1235.3,64.0,1296.2,792.5,61.1,58.6,503.7,4.1,32.4,760.1,62.9,2996.3,1758.0,58.7,55.9,1238.3,4.8,84.4,1673.6,65.7,8566.1,5368.1,62.7,59.6,3198.0,4.9,263.5,5104.6,64.4,201.5,124.1,61.6,59.9,77.4,2.7,3.4,120.7,63.3,976.8,599.8,61.4,59.0,377.0,4.0,23.8,576.0,66.7,2476.9,1593.7,64.3,60.7,883.3,5.6,89.4,1504.3,65.3,1540.7,965.0,62.6,59.8,575.7,4.5,43.4,921.6,63.5,1570.7,927.9,59.1,56.9,642.8,3.7,34.1,893.8,75.7,522.2,374.4,71.7,70.3,147.9,2.0,7.5,366.9,66.1,1820.5,1096.6,60.2,58.4,723.8,3.1,33.7,1063.0,66.6,1371.2,837.9,61.1,59.2,533.2,3.1,25.6,812.3
2017Q02,68.7,1294.4,835.6,64.6,63.2,458.8,2.0,17.1,818.5,67.8,10735.2,6983.5,65.1,62.3,3751.7,4.3,298.2,6685.2,66.9,2828.1,1791.7,63.4,61.4,1036.4,3.1,54.8,1736.8,68.3,2316.2,1511.6,65.3,63.4,804.6,2.9,43.5,1468.1,66.9,43899.3,27992.8,63.8,61.3,15906.4,3.8,1074.1,26918.7,63.7,1259.9,773.1,61.4,59.2,486.9,3.5,26.8,746.3,65.4,2107.3,1303.8,61.9,59.3,803.4,4.1,53.7,1250.2,63.9,1296.4,795.2,61.3,59.1,501.1,3.7,29.2,766.0,63.8,2993.7,1785.2,59.6,56.8,1208.5,4.8,85.6,1699.6,66.5,8560.8,5413.8,63.2,60.4,3147.0,4.5,241.9,5171.9,65.6,207.9,131.8,63.4,62.3,76.1,1.6,2.1,129.6,64.1,976.7,608.8,62.3,60.1,367.9,3.6,21.7,587.1,67.7,2482.8,1617.6,65.2,62.0,865.2,4.8,77.5,1540.0,66.8,1541.1,998.2,64.8,62.7,542.9,3.1,31.4,966.8,65.2,1571.1,964.0,61.4,59.7,607.1,2.7,25.9,938.1,76.5,526.0,382.7,72.8,71.4,143.3,1.9,7.2,375.5,68.7,1827.5,1199.1,65.6,63.6,628.4,3.1,36.8,1162.3,69.9,1374.3,897.1,65.3,63.8,477.1,2.3,20.6,876.5
2017Q03,68.8,1295.5,842.4,65.0,63.7,453.1,2.0,16.6,825.8,68.2,10785.2,7031.0,65.2,62.7,3754.2,3.8,267.6,6763.4,66.5,2831.6,1777.5,62.8,61.1,1054.1,2.6,46.9,1730.7,68.5,2315.8,1494.4,64.5,63.2,821.5,2.0,29.7,1464.7,67.0,43966.5,27960.9,63.6,61.4,16005.6,3.4,963.1,26997.8,64.0,1260.1,769.9,61.1,59.3,490.2,2.9,22.6,747.3,65.0,2108.0,1285.0,61.0,58.9,823.0,3.4,43.5,1241.5,63.7,1296.1,782.5,60.4,58.8,513.6,2.6,20.2,762.3,63.5,2990.1,1768.7,59.2,56.4,1221.4,4.6,81.0,1687.7,66.8,8553.1,5432.2,63.5,60.7,3120.9,4.5,242.7,5189.5,65.0,214.3,135.4,63.2,61.9,78.9,2.1,2.8,132.6,63.7,976.2,605.1,62.0,59.7,371.1,3.6,22.0,583.1,67.3,2487.9,1605.5,64.5,61.7,882.4,4.3,69.3,1536.1,67.1,1540.9,995.6,64.6,62.9,545.3,2.7,27.1,968.5,64.6,1571.0,948.5,60.4,59.3,622.5,1.8,17.3,931.2,76.1,529.6,384.7,72.6,71.1,144.9,2.2,8.4,376.3,68.7,1834.0,1201.8,65.5,64.0,632.2,2.3,28.2,1173.6,70.3,1376.9,900.7,65.4,64.2,476.2,1.9,17.1,883.6
2017Q04,66.8,1296.9,812.5,62.6,61.0,484.4,2.7,21.9,790.6,68.5,10836.6,6992.5,64.5,62.5,3844.1,3.1,214.7,6777.8,66.5,2835.4,1780.5,62.8,61.1,1054.9,2.6,47.0,1733.5,67.7,2315.6,1479.0,63.9,62.4,836.6,2.3,34.4,1444.6,66.9,44038.0,27775.0,63.1,61.0,16263.0,3.2,892.2,26882.8,64.1,1260.4,766.6,60.8,59.4,493.8,2.4,18.2,748.4,64.4,2108.9,1279.2,60.7,58.3,829.8,3.9,50.5,1228.6,64.3,1295.9,792.6,61.2,59.1,503.2,3.3,26.1,766.5,63.3,2986.8,1749.9,58.6,56.2,1237.0,4.1,72.3,1677.6,66.4,8546.1,5369.7,62.8,60.2,3176.4,4.2,226.1,5143.6,64.1,220.7,137.9,62.5,60.7,82.9,2.8,3.9,134.0,64.6,975.8,605.3,62.0,60.2,370.5,2.9,17.6,587.7,67.7,2493.2,1612.1,64.7,62.1,881.1,3.9,62.7,1549.5,67.8,1540.9,993.6,64.5,63.0,547.3,2.3,23.2,970.4,64.2,1571.2,936.8,59.6,58.5,634.3,1.9,17.4,919.4,75.8,533.3,384.7,72.1,70.9,148.6,1.7,6.6,378.1,68.1,1840.7,1197.4,65.1,63.2,643.3,2.9,34.8,1162.6,69.5,1379.6,884.9,64.1,63.1,494.7,1.7,15.0,869.9
2018Q01,63.9,1297.8,761.4,58.7,56.1,536.4,4.4,33.6,727.8,67.6,10879.8,6945.0,63.8,61.3,3934.8,4.0,275.2,6669.9,65.6,2838.7,1756.9,61.9,59.8,1081.9,3.4,60.2,1696.7,65.8,2315.3,1448.2,62.5,59.5,867.1,4.8,70.1,1378.2,66.0,44088.4,27464.0,62.3,59.6,16624.4,4.3,1180.7,26283.3,64.5,1260.4,774.3,61.4,58.9,486.1,4.2,32.5,741.8,62.9,2107.8,1257.2,59.6,56.7,850.7,4.9,61.8,1195.4,64.2,1294.4,792.8,61.2,58.7,501.6,4.2,33.3,759.5,62.8,2982.0,1734.3,58.2,55.2,1247.7,5.0,86.8,1647.5,66.0,8537.6,5355.3,62.7,59.5,3182.3,5.1,272.9,5082.4,63.9,228.2,140.0,61.3,59.7,88.2,2.6,3.6,136.3,64.4,974.7,602.1,61.8,59.4,372.6,3.8,23.0,579.0,68.2,2496.4,1629.7,65.3,62.1,866.7,4.8,78.8,1550.9,66.2,1540.3,969.8,63.0,60.4,570.5,4.2,40.3,929.6,63.1,1570.2,912.3,58.1,56.3,657.9,3.1,28.4,883.9,74.2,537.1,375.7,69.9,68.2,161.3,2.5,9.3,366.5,66.9,1846.2,1152.8,62.4,59.9,693.4,4.1,47.8,1105.0,67.6,1381.3,856.2,62.0,60.3,525.1,2.7,23.2,833.0
2018Q02,67.6,1299.1,833.7,64.2,62.6,465.4,2.5,21.1,812.7,68.3,10922.4,7090.2,64.9,62.5,3832.3,3.7,265.2,6825.0,67.4,2842.7,1820.0,64.0,62.0,1022.7,3.1,56.4,1763.5,67.1,2315.6,1501.5,64.8,62.3,814.1,4.0,59.5,1442.0,66.9,44141.1,28124.5,63.7,61.2,16016.6,3.9,1105.3,27019.2,64.6,1260.6,782.1,62.0,59.6,478.5,3.9,30.8,751.3,64.4,2106.4,1299.9,61.7,58.6,806.5,5.0,65.2,1234.7,63.7,1292.8,794.2,61.4,58.7,498.6,4.4,34.6,759.5,62.9,2977.3,1737.4,58.4,55.8,1239.8,4.3,74.7,1662.7,66.2,8530.4,5375.5,63.0,59.9,3154.9,5.0,269.6,5105.9,65.8,236.2,150.8,63.8,62.4,85.5,2.3,3.4,147.3,63.6,973.5,607.0,62.4,59.2,366.5,5.0,30.5,576.5,68.7,2499.2,1655.4,66.2,63.3,843.8,4.5,74.0,1581.3,67.8,1540.0,998.7,64.9,63.0,541.3,2.9,28.9,969.8,64.1,1569.1,955.3,60.9,59.0,613.8,3.0,28.9,926.4,73.8,541.1,376.2,69.5,68.5,164.9,1.4,5.4,370.8,69.2,1851.8,1226.4,66.2,64.4,625.4,2.7,33.0,1193.4,70.1,1382.9,920.4,66.6,64.8,462.5,2.6,24.2,896.2
2018Q03,68.1,1300.6,842.1,64.7,63.0,458.4,2.7,22.6,819.5,68.0,10982.5,7108.5,64.7,62.2,3874.0,3.8,272.0,6836.5,67.4,2846.6,1818.4,63.9,62.1,1028.1,2.7,49.5,1769.0,67.0,2316.4,1507.0,65.1,62.3,809.4,4.3,64.2,1442.8,66.7,44211.7,28080.4,63.5,61.1,16131.3,3.8,1065.2,27015.2,64.5,1261.3,781.5,62.0,59.5,479.8,3.9,30.5,751.0,64.7,2105.7,1293.8,61.4,58.8,811.9,4.3,55.4,1238.4,63.6,1291.7,790.3,61.2,58.6,501.5,4.3,33.6,756.7,62.4,2972.8,1715.5,57.7,55.4,1257.3,4.1,69.8,1645.7,66.0,8516.2,5332.2,62.6,59.6,3184.0,4.9,259.4,5072.8,66.1,244.0,156.6,64.2,62.6,87.4,2.4,3.8,152.8,63.0,972.1,599.2,61.6,58.6,372.9,4.9,29.4,569.7,68.6,2504.7,1645.3,65.7,63.1,859.5,4.0,65.6,1579.6,67.6,1539.4,991.2,64.4,62.8,548.2,2.5,24.4,966.8,63.9,1568.2,946.8,60.4,59.0,621.3,2.4,22.3,924.5,73.2,545.5,378.0,69.3,68.2,167.6,1.6,6.1,371.9,70.5,1858.1,1255.5,67.6,65.8,602.5,2.7,33.6,1222.0,69.8,1385.8,918.4,66.3,64.6,467.4,2.5,22.9,895.6
2018Q04,67.3,1301.8,811.9,62.4,61.0,489.9,2.1,17.4,794.5,67.7,11050.4,7089.1,64.2,61.8,3961.4,3.7,260.0,6829.1,67.2,2850.1,1807.4,63.4,61.6,1042.7,2.9,51.7,1755.7,67.8,2317.2,1495.1,64.5,62.3,822.1,3.5,51.9,1443.2,66.8,44287.2,27912.4,63.0,60.9,16374.8,3.4,941.7,26970.6,64.9,1262.2,776.4,61.5,59.6,485.8,3.1,24.2,752.2,64.9,2105.2,1277.2,60.7,58.7,828.0,3.2,41.0,1236.3,64.0,1290.9,791.3,61.3,58.7,499.6,4.2,32.9,758.4,63.7,2968.2,1726.7,58.2,56.3,1241.5,3.2,54.4,1672.3,65.9,8497.9,5275.4,62.1,59.5,3222.5,4.1,215.7,5059.7,66.2,251.7,160.0,63.6,62.4,91.7,1.9,3.0,157.0,63.4,970.5,598.2,61.6,58.8,372.3,4.5,27.2,571.0,69.0,2511.4,1647.9,65.6,63.2,863.5,3.7,61.7,1586.2,69.0,1538.7,993.7,64.6,63.5,545.0,1.6,16.2,977.5,64.4,1567.1,945.5,60.3,58.9,621.6,2.4,22.3,923.2,73.5,550.2,387.9,70.5,68.9,162.3,2.3,9.0,378.9,69.3,1864.5,1230.6,66.0,64.1,633.9,2.9,35.4,1195.2,69.1,1389.2,898.1,64.6,63.4,491.1,2.0,17.7,880.4
2019Q01,65.4,1302.1,795.6,61.1,57.7,506.5,5.6,44.7,750.9,66.9,11125.1,7075.1,63.6,60.9,4049.9,4.3,303.3,6771.8,67.0,2851.6,1805.8,63.3,60.6,1045.9,4.4,78.7,1727.0,66.5,2317.4,1459.4,63.0,59.9,858.1,4.9,71.9,1387.5,66.0,44370.1,27701.9,62.4,59.6,16668.2,4.5,1241.2,26460.7,64.6,1262.9,775.8,61.4,58.5,487.1,4.7,36.8,739.0,63.7,2104.9,1256.0,59.7,57.2,848.9,4.1,52.0,1203.9,64.1,1290.7,796.2,61.7,58.4,494.5,5.3,42.3,753.8,63.3,2964.3,1725.7,58.2,55.4,1238.6,4.8,82.6,1643.1,65.2,8485.0,5251.6,61.9,58.6,3233.4,5.3,279.6,4972.1,65.4,258.7,163.6,63.2,61.5,95.1,2.8,4.5,159.1,62.5,968.6,589.3,60.8,57.6,379.3,5.3,31.0,558.3,68.2,2518.6,1638.2,65.0,61.9,880.3,4.9,80.3,1558.0,67.7,1537.4,979.6,63.7,61.9,557.8,2.8,27.9,951.7,63.6,1565.4,933.6,59.6,57.6,631.8,3.3,31.2,902.3,72.2,553.7,385.1,69.6,67.8,168.6,2.6,9.9,375.2,68.9,1870.4,1191.8,63.7,61.8,678.6,3.0,35.3,1156.6,67.5,1393.4,879.6,63.1,61.0,513.8,3.3,29.3,850.2
2019Q02,69.1,1302.4,862.5,66.2,64.0,439.9,3.3,28.5,834.0,68.0,11205.5,7284.8,65.0,62.4,3920.7,4.0,292.3,6992.6,66.9,2852.8,1832.7,64.2,61.4,1020.2,4.5,81.6,1751.1,67.4,2317.8,1503.0,64.8,61.9,814.8,4.5,67.2,1435.8,66.9,44466.2,28431.9,63.9,61.3,16034.3,4.1,1175.8,27256.1,64.1,1263.8,779.9,61.7,59.2,483.9,4.0,31.2,748.6,64.4,2105.2,1283.3,61.0,58.3,821.9,4.3,55.8,1227.5,64.3,1291.2,802.1,62.1,59.1,489.1,4.8,38.5,763.6,63.9,2961.5,1745.3,58.9,56.5,1216.2,4.2,73.1,1672.2,66.3,8476.4,5355.1,63.2,60.1,3121.3,4.8,257.2,5097.9,66.0,265.3,171.0,64.5,62.9,94.3,2.4,4.1,166.9,64.0,966.7,600.8,62.1,59.3,366.0,4.5,27.3,573.5,68.7,2526.4,1668.7,66.1,63.0,857.7,4.6,76.5,1592.2,67.8,1536.2,1006.8,65.5,63.3,529.4,3.3,33.7,973.0,65.0,1563.6,965.3,61.7,60.1,598.3,2.6,25.5,939.7,72.3,556.8,390.2,70.1,68.5,166.6,2.3,9.0,381.2,69.8,1876.4,1256.0,66.9,64.8,620.4,3.2,40.3,1215.7,68.6,1398.3,924.7,66.1,63.7,473.6,3.7,34.1,890.6
2019Q03,70.5,1303.1,868.0,66.6,65.1,435.1,2.2,19.5,848.5,67.6,11272.7,7251.0,64.3,62.1,4021.7,3.5,251.6,6999.4,66.9,2854.6,1816.0,63.6,61.4,1038.5,3.4,62.5,1753.6,67.7,2318.3,1492.8,64.4,62.5,825.5,3.0,44.8,1448.0,67.1,44549.5,28327.9,63.6,61.5,16221.6,3.3,946.3,27381.6,64.1,1265.2,777.1,61.4,59.4,488.0,3.3,26.0,751.1,64.5,2104.2,1271.9,60.4,58.3,832.3,3.5,44.8,1227.1,66.3,1291.0,810.5,62.8,60.8,480.6,3.1,25.2,785.3,64.7,2958.3,1743.3,58.9,57.2,1214.9,3.0,51.7,1691.6,67.0,8474.2,5356.9,63.2,60.7,3117.3,4.0,211.7,5145.3,66.2,271.3,175.6,64.7,63.1,95.8,2.5,4.4,171.2,64.1,965.7,597.0,61.8,59.6,368.7,3.5,21.0,576.0,68.2,2532.2,1653.0,65.3,62.6,879.2,4.1,67.4,1585.6,69.2,1534.5,1005.0,65.5,63.9,529.4,2.4,23.8,981.2,64.5,1561.9,956.8,61.3,59.8,605.1,2.4,23.2,933.6,72.0,559.3,388.0,69.4,68.1,171.2,1.9,7.2,380.8,69.2,1881.2,1247.1,66.3,64.2,634.0,3.1,38.6,1208.5,68.6,1402.0,917.8,65.5,63.8,484.2,2.5,23.0,894.8
2019Q04,68.4,1304.1,839.3,64.4,62.2,464.8,3.3,27.7,811.6,67.9,11333.9,7292.7,64.3,62.1,4041.3,3.4,249.5,7043.1,67.3,2856.7,1815.0,63.5,61.7,1041.8,2.9,52.1,1762.9,68.0,2319.0,1498.5,64.6,62.5,820.5,3.3,49.2,1449.3,67.3,44628.9,28282.9,63.4,61.4,16346.0,3.1,890.5,27392.5,65.0,1266.8,781.0,61.7,59.9,485.8,2.8,21.7,759.3,64.2,2102.6,1253.5,59.6,57.9,849.2,2.8,35.1,1218.4,66.3,1290.6,814.6,63.1,60.8,476.0,3.7,29.8,784.8,65.1,2955.0,1748.9,59.2,57.4,1206.1,3.1,53.5,1695.4,66.8,8475.8,5313.3,62.7,60.5,3162.5,3.5,183.8,5129.5,65.9,277.1,179.0,64.6,62.6,98.2,3.1,5.6,173.4,64.3,965.1,597.7,61.9,59.8,367.5,3.4,20.4,577.3,68.3,2537.1,1651.2,65.1,62.6,885.9,3.8,63.5,1587.7,70.6,1532.6,1005.1,65.6,64.5,527.4,1.6,16.5,988.7,64.7,1560.2,957.0,61.3,59.9,603.2,2.4,22.9,934.1,73.3,561.5,396.5,70.6,69.3,165.0,1.8,7.1,389.4,69.3,1885.5,1230.4,65.3,63.8,655.1,2.2,27.5,1202.9,68.5,1405.1,909.4,64.7,63.0,495.8,2.7,24.6,884.8
2020Q01,65.8,1305.4,804.9,61.7,58.5,500.4,5.1,41.0,763.9,66.8,11382.7,7215.7,63.4,60.7,4167.0,4.2,302.6,6913.1,66.3,2855.5,1802.6,63.1,60.6,1052.9,4.0,72.9,1729.7,66.2,2320.0,1458.9,62.9,60.2,861.1,4.2,61.8,1397.1,66.1,44691.9,27910.7,62.5,59.9,16781.2,4.2,1161.7,26748.9,64.3,1269.8,775.2,61.0,58.8,494.7,3.7,28.7,746.5,62.1,2097.8,1216.5,58.0,55.7,881.3,3.9,47.8,1168.7,66.1,1288.9,817.0,63.4,60.2,471.9,5.1,41.3,775.6,63.7,2951.9,1722.6,58.4,55.9,1229.3,4.1,71.2,1651.4,66.4,8491.2,5308.1,62.5,59.7,3183.1,4.5,238.7,5069.5,65.4,281.2,177.6,63.2,61.2,103.6,3.0,5.4,172.2,63.4,964.7,593.6,61.5,58.5,371.1,5.0,29.4,564.2,67.0,2540.1,1627.5,64.1,61.1,912.7,4.6,74.7,1552.7,69.2,1529.6,992.2,64.9,62.8,537.4,3.1,31.0,961.2,63.3,1558.2,931.9,59.8,58.2,626.3,2.8,25.7,906.2,71.2,562.4,390.5,69.4,67.5,171.9,2.7,10.6,379.9,66.4,1885.6,1172.7,62.2,59.8,713.0,3.9,45.5,1127.2,68.1,1406.8,903.1,64.2,61.8,503.7,3.7,33.4,869.7
2020Q02,67.5,1307.0,845.9,64.7,62.2,461.1,3.8,32.4,813.5,66.1,11426.7,7203.1,63.0,60.5,4223.6,4.1,292.2,6910.9,65.2,2853.0,1803.5,63.2,60.5,1049.6,4.3,76.7,1726.8,65.7,2321.4,1485.3,64.0,60.9,836.1,4.9,72.2,1413.1,65.6,44752.1,28075.2,62.7,60.0,16676.8,4.4,1226.0,26849.2,63.7,1273.8,779.6,61.2,58.6,494.2,4.3,33.3,746.3,61.5,2091.6,1216.1,58.1,55.6,875.5,4.4,53.3,1162.8,65.5,1286.7,815.3,63.4,60.1,471.4,5.2,42.0,773.4,61.9,2949.1,1701.3,57.7,54.8,1247.8,5.1,86.2,1615.2,65.6,8514.5,5303.6,62.3,59.0,3210.9,5.3,280.9,5022.6,66.6,284.5,185.8,65.3,63.1,98.7,3.3,6.2,179.6,62.3,964.6,582.1,60.3,57.6,382.4,4.6,26.7,555.4,66.7,2542.4,1641.1,64.5,61.4,901.3,4.9,80.4,1560.7,69.0,1526.1,1002.6,65.7,64.0,523.5,2.5,25.2,977.4,63.7,1556.2,956.4,61.5,59.7,599.8,2.8,27.2,929.2,69.3,562.6,383.1,68.1,65.9,179.5,3.2,12.3,370.8,68.2,1884.0,1239.1,65.8,63.1,644.9,4.0,49.7,1189.5,69.5,1407.9,931.3,66.1,64.1,476.6,3.1,29.2,902.1
2020Q03,67.7,1308.0,840.9,64.3,62.4,467.1,3.0,25.0,815.9,65.4,11477.8,7175.2,62.5,60.1,4302.6,3.8,271.7,6903.5,65.5,2852.5,1805.9,63.3,61.0,1046.6,3.7,67.0,1738.9,67.1,2320.8,1493.7,64.4,62.1,827.1,3.5,52.4,1441.3,65.9,44812.2,28068.1,62.6,60.4,16744.2,3.6,1000.6,27067.5,63.8,1275.9,776.0,60.8,58.7,499.9,3.5,26.9,749.1,63.7,2087.8,1243.3,59.6,57.5,844.5,3.5,43.6,1199.6,66.4,1285.4,816.6,63.5,61.0,468.7,4.0,32.7,783.9,62.9,2946.6,1712.3,58.1,55.8,1234.3,4.0,69.2,1643.0,65.9,8525.5,5270.2,61.8,59.3,3255.2,4.0,210.9,5059.4,67.4,288.4,190.4,66.0,64.1,98.1,2.8,5.3,185.0,63.0,964.2,583.7,60.5,58.4,380.6,3.6,20.9,562.8,67.0,2544.8,1636.2,64.3,61.7,908.6,4.1,66.6,1569.6,69.3,1523.7,1000.2,65.6,64.5,523.6,1.8,17.9,982.2,65.3,1554.3,965.1,62.1,60.9,589.2,1.9,18.6,946.5,70.6,563.3,386.3,68.6,67.2,177.0,2.1,8.0,378.3,68.8,1884.2,1242.8,66.0,64.0,641.4,2.9,36.0,1206.8,69.5,1409.0,929.3,66.0,64.0,479.7,3.0,27.9,901.4
2020Q04,66.9,1309.3,817.2,62.4,60.0,492.2,3.9,31.5,785.7,65.4,11535.4,7178.0,62.2,59.9,4357.4,3.8,271.6,6906.4,65.1,2853.7,1794.6,62.9,60.3,1059.2,4.0,72.6,1722.0,66.6,2319.8,1475.1,63.6,61.3,844.7,3.6,52.8,1422.2,65.8,44883.9,27995.1,62.4,60.0,16888.8,3.7,1043.4,26951.7,63.6,1277.5,779.4,61.0,58.5,498.1,4.0,31.5,747.9,64.6,2085.8,1252.1,60.0,57.8,833.7,3.7,46.1,1206.0,66.7,1284.8,814.4,63.4,61.3,470.4,3.2,26.2,788.1,63.2,2944.8,1709.8,58.1,56.0,1235.0,3.5,60.6,1649.2,65.9,8532.3,5288.1,62.0,59.2,3244.1,4.4,233.9,5054.2,65.8,292.7,185.2,63.3,62.2,107.4,1.8,3.3,182.0,62.9,964.0,581.0,60.3,58.0,383.1,3.8,22.2,558.8,66.9,2547.9,1631.8,64.0,61.1,916.1,4.7,76.0,1555.8,69.0,1522.3,995.5,65.4,64.1,526.8,2.0,20.1,975.4,66.2,1553.0,969.7,62.4,60.9,583.2,2.4,23.2,946.5,71.8,564.5,391.0,69.3,67.9,173.5,1.9,7.6,383.4,67.8,1885.8,1219.2,64.7,62.7,666.6,3.1,37.6,1181.5,68.9,1410.5,913.3,64.8,62.9,497.2,2.9,26.7,886.6
2021Q01,64.1,1313.6,790.9,60.2,56.7,522.7,5.9,46.6,744.3,65.0,11604.2,7187.0,61.9,59.0,4417.2,4.7,336.8,6850.2,64.0,2855.8,1783.6,62.5,58.9,1072.2,5.7,101.3,1682.3,64.2,2317.1,1433.7,61.9,58.5,883.4,5.4,77.2,1356.6,64.9,44987.4,27748.1,61.7,58.6,17239.4,5.0,1379.5,26368.5,63.1,1279.6,772.4,60.4,57.5,507.2,4.8,36.8,735.6,63.6,2088.8,1247.5,59.7,56.7,841.4,5.1,63.8,1183.7,64.7,1286.8,799.6,62.1,59.0,487.2,5.1,41.0,758.6,62.5,2948.3,1695.0,57.5,54.9,1253.3,4.5,77.0,1618.0,65.3,8539.6,5283.6,61.9,58.1,3255.9,6.1,323.4,4960.2,65.7,294.1,186.4,63.4,61.3,107.7,3.2,6.0,180.4,62.0,963.8,576.8,59.8,56.9,387.0,4.9,28.3,548.5,66.4,2549.5,1619.1,63.5,60.1,930.4,5.4,87.8,1531.3,67.6,1523.4,983.8,64.6,62.2,539.6,3.8,36.9,946.9,65.1,1554.5,949.5,61.1,59.4,605.1,2.8,26.8,922.7,70.7,565.9,390.8,69.1,66.3,175.1,4.0,15.7,375.2,65.4,1888.9,1157.7,61.3,59.0,731.2,3.7,42.6,1115.1,68.2,1413.3,890.5,63.0,60.8,522.8,3.5,31.6,859.0
2021Q02,68.0,1316.1,855.9,65.0,63.2,460.3,2.8,23.7,832.2,67.0,11663.8,7467.9,64.0,61.3,4196.0,4.2,314.4,7153.5,66.2,2854.2,1831.7,64.2,61.7,1022.5,3.8,69.7,1762.1,65.3,2310.7,1471.6,63.7,61.3,839.1,3.7,54.7,1416.9,66.7,45048.2,28596.0,63.5,61.0,16452.2,3.9,1129.2,27466.8,63.4,1280.2,780.0,60.9,58.7,500.2,3.7,28.5,751.5,66.0,2091.4,1284.7,61.4,58.8,806.7,4.3,55.6,1229.1,66.4,1288.5,815.1,63.3,61.1,473.4,3.4,27.9,787.2,64.2,2950.8,1730.3,58.6,56.6,1220.5,3.5,60.2,1670.1,66.7,8537.6,5358.1,62.8,59.5,3179.5,5.2,277.1,5081.0,67.0,293.8,192.0,65.4,64.0,101.9,2.1,4.0,187.9,62.2,962.2,573.1,59.6,57.4,389.1,3.6,20.8,552.3,67.6,2547.0,1654.1,64.9,61.8,892.9,4.8,79.2,1574.9,69.5,1523.8,1015.9,66.7,65.3,507.9,2.1,20.9,995.0,66.0,1555.6,984.0,63.3,61.9,571.6,2.2,21.7,962.3,72.1,566.9,401.0,70.7,68.4,165.9,3.3,13.4,387.5,68.9,1890.4,1251.0,66.2,64.4,639.5,2.7,34.2,1216.7,70.2,1415.0,929.6,65.7,64.1,485.4,2.5,23.0,906.6
2021Q03,68.5,1318.2,860.6,65.3,63.8,457.5,2.3,19.8,840.9,67.5,11723.3,7478.4,63.8,61.9,4244.9,3.0,223.7,7254.7,66.2,2853.5,1815.8,63.6,61.6,1037.7,3.1,56.8,1759.0,66.4,2308.6,1464.8,63.4,62.3,843.8,1.8,25.9,1439.0,67.1,45106.0,28451.1,63.1,61.3,16654.9,2.8,806.5,27644.6,63.7,1280.3,772.5,60.3,58.7,507.9,2.8,21.3,751.1,66.2,2090.5,1268.2,60.7,58.9,822.4,2.9,37.0,1231.2,67.5,1288.8,814.1,63.2,61.8,474.7,2.1,16.9,797.1,64.7,2949.7,1727.4,58.6,57.0,1222.3,2.6,45.6,1681.8,66.9,8530.5,5290.0,62.0,59.5,3240.5,4.0,213.4,5076.6,67.0,296.3,192.0,64.8,63.8,104.4,1.6,3.0,188.9,63.2,960.6,573.6,59.7,58.1,387.0,2.6,15.2,558.4,67.5,2547.3,1626.6,63.9,61.8,920.7,3.2,51.7,1574.9,69.9,1523.7,1016.0,66.7,65.7,507.8,1.5,15.2,1000.8,66.5,1555.7,986.1,63.4,62.3,569.6,1.7,16.4,969.7,70.9,568.4,389.7,68.6,66.8,178.7,2.6,10.2,379.5,69.4,1893.2,1246.6,65.8,65.0,646.6,1.3,15.9,1230.7,70.3,1417.2,928.7,65.5,64.2,488.5,2.0,18.6,910.1
2021Q04,68.2,1320.9,850.8,64.4,62.0,470.1,3.7,31.2,819.6,68.1,11786.8,7553.3,64.1,62.3,4233.6,2.8,213.9,7339.4,65.3,2854.4,1789.7,62.7,60.4,1064.7,3.7,65.6,1724.1,66.9,2309.5,1457.7,63.1,61.8,851.8,2.0,29.8,1428.0,67.4,45178.4,28444.7,63.0,61.1,16733.7,2.9,833.4,27611.2,63.4,1280.6,763.9,59.7,57.8,516.7,3.1,23.4,740.4,66.3,2088.8,1257.5,60.2,58.6,831.3,2.6,32.7,1224.8,68.0,1288.8,816.8,63.4,61.7,471.9,2.6,21.2,795.6,64.0,2947.7,1707.5,57.9,56.3,1240.3,2.8,48.4,1659.1,67.4,8523.5,5316.7,62.4,59.9,3206.8,4.0,214.6,5102.1,65.0,300.3,187.2,62.3,61.5,113.1,1.4,2.6,184.6,64.1,959.3,577.6,60.2,58.3,381.7,3.1,17.9,559.7,68.1,2549.9,1614.8,63.3,61.6,935.1,2.7,44.4,1570.4,70.8,1524.0,1016.9,66.7,65.4,507.1,2.1,21.0,996.0,66.7,1555.8,975.7,62.7,61.4,580.1,2.1,20.4,955.3,72.7,570.4,399.7,70.1,68.3,170.8,2.6,10.4,389.3,69.1,1897.3,1227.1,64.7,63.7,670.3,1.5,17.9,1209.1,70.7,1420.3,931.8,65.6,64.3,488.5,1.9,18.1,913.7
2022Q01,65.4,1318.1,802.4,60.9,58.0,515.8,4.7,37.8,764.5,69.1,11821.5,7618.0,64.4,62.5,4203.4,3.0,225.3,7392.7,65.8,2853.2,1778.6,62.3,60.0,1074.5,3.8,67.6,1711.0,66.6,2318.8,1453.8,62.7,60.6,865.0,3.4,49.1,1404.7,67.4,45210.6,28359.5,62.7,60.5,16851.0,3.5,990.1,27369.4,63.5,1280.2,769.6,60.1,57.8,510.6,3.8,29.6,740.0,66.3,2085.3,1256.6,60.3,58.3,828.7,3.3,41.5,1215.1,67.4,1288.1,810.4,62.9,60.8,477.7,3.3,27.1,783.3,64.2,2946.9,1703.4,57.8,55.8,1243.5,3.4,57.6,1645.8,67.4,8502.6,5292.4,62.2,59.5,3210.1,4.4,232.6,5059.8,65.9,302.5,191.4,63.3,61.7,111.1,2.5,4.8,186.5,63.2,959.0,572.4,59.7,57.4,386.6,3.8,21.8,550.6,68.0,2558.8,1623.7,63.5,61.0,935.1,3.8,62.4,1561.3,69.8,1524.6,1011.0,66.3,64.4,513.5,3.0,30.0,981.1,65.4,1556.4,962.5,61.8,60.0,593.8,2.9,28.3,934.2,73.4,571.8,402.7,70.4,68.7,169.2,2.5,10.0,392.6,67.1,1900.1,1184.2,62.3,60.5,715.8,2.9,34.4,1149.8,70.1,1422.8,926.4,65.1,63.0,496.4,3.2,30.0,896.4
2022Q02,68.6,1320.8,859.4,65.1,63.5,461.4,2.5,21.3,838.1,70.7,11872.3,7933.5,66.8,64.8,3938.8,3.0,235.8,7697.7,67.0,2853.1,1831.7,64.2,61.9,1021.4,3.6,65.8,1765.9,69.2,2327.6,1525.4,65.5,64.1,802.1,2.2,33.1,1492.4,68.9,45242.3,29227.4,64.6,62.7,16015.0,3.0,880.3,28347.0,63.9,1278.9,770.8,60.3,58.6,508.1,2.8,21.7,749.0,67.0,2076.9,1272.3,61.3,59.3,804.6,3.1,39.8,1232.5,67.3,1287.7,808.3,62.8,61.3,479.4,2.4,19.4,788.9,65.2,2940.5,1731.4,58.9,57.2,1209.1,2.9,50.8,1680.6,68.7,8463.5,5325.9,62.9,60.7,3137.6,3.6,192.0,5134.0,68.2,307.5,203.8,66.3,64.8,103.6,2.3,4.6,199.3,64.8,956.1,589.5,61.7,59.5,366.6,3.5,20.8,568.8,69.5,2569.7,1673.5,65.1,62.8,896.2,3.6,59.6,1614.0,71.6,1525.6,1044.7,68.5,67.1,480.9,2.0,21.3,1023.5,67.4,1557.1,1010.6,64.9,63.3,546.5,2.5,24.9,985.7,73.3,573.8,405.0,70.6,69.2,168.8,2.0,8.2,396.8,69.5,1905.9,1275.6,66.9,65.1,630.3,2.8,35.1,1240.5,71.7,1425.4,965.8,67.8,65.9,459.6,2.7,26.2,939.6
2022Q03,68.8,1323.5,867.1,65.5,64.1,456.3,2.2,19.3,847.9,70.4,11905.0,7890.9,66.3,64.6,4014.1,2.5,197.3,7693.6,66.3,2849.9,1798.7,63.1,61.2,1051.2,3.0,54.4,1744.3,68.5,2328.3,1513.0,65.0,63.8,815.3,1.8,27.5,1485.5,69.0,45270.5,29142.7,64.4,62.8,16127.8,2.5,718.2,28424.6,64.6,1278.6,772.5,60.4,59.0,506.0,2.4,18.3,754.3,67.4,2073.0,1270.3,61.3,59.8,802.6,2.5,31.5,1238.8,68.1,1287.7,814.0,63.2,61.9,473.8,2.0,16.6,797.4,66.0,2935.7,1744.2,59.4,57.8,1191.5,2.7,47.9,1696.3,68.8,8447.9,5281.9,62.5,60.8,3166.1,2.8,149.0,5132.9,68.0,311.9,205.3,65.8,64.6,106.6,1.9,3.9,201.4,65.3,954.8,588.4,61.6,59.9,366.5,2.7,16.0,572.4,70.0,2580.2,1687.6,65.4,63.5,892.6,2.9,48.9,1638.7,71.3,1524.7,1039.5,68.2,66.9,485.2,1.8,18.7,1020.7,67.7,1556.4,1007.8,64.8,63.7,548.5,1.7,16.8,991.0,74.8,575.2,411.4,71.5,70.2,163.8,1.8,7.6,403.8,70.9,1910.0,1291.7,67.6,66.4,618.3,1.9,24.3,1267.4,71.5,1427.7,958.4,67.1,65.7,469.3,2.1,20.3,938.2
2022Q04,68.1,1327.5,849.3,64.0,61.8,478.2,3.4,29.0,820.3,69.7,11934.3,7792.1,65.3,63.7,4142.2,2.4,186.5,7605.6,66.7,2846.7,1789.6,62.9,61.1,1057.1,2.8,49.3,1740.3,68.5,2325.9,1503.6,64.6,63.0,822.3,2.6,39.3,1464.3,68.8,45317.1,28956.8,63.9,62.3,16360.3,2.6,741.4,28215.5,65.2,1279.3,776.5,60.7,59.1,502.8,2.5,19.8,756.7,66.9,2072.1,1261.2,60.9,59.1,811.0,2.8,35.7,1225.5,68.9,1288.5,818.8,63.5,62.4,469.7,1.7,14.2,804.6,66.2,2932.8,1740.6,59.3,57.7,1192.2,2.8,48.6,1692.1,68.7,8447.1,5278.2,62.5,60.7,3168.8,2.9,151.4,5126.9,67.6,316.3,204.8,64.7,63.9,111.5,1.4,2.8,202.1,65.7,954.8,587.5,61.5,59.8,367.3,2.8,16.5,571.0,70.1,2591.4,1693.3,65.3,63.3,898.1,3.1,52.6,1640.7,72.2,1523.6,1038.4,68.2,66.7,485.2,2.1,22.1,1016.3,66.7,1555.6,987.1,63.5,61.8,568.5,2.6,25.7,961.4,76.3,576.6,422.5,73.3,71.7,154.1,2.2,9.2,413.3,70.6,1914.1,1267.2,66.2,65.0,646.9,1.8,22.3,1244.9,71.1,1430.5,946.0,66.1,65.0,484.5,1.8,16.6,929.5
2023Q01,66.8,1325.5,824.0,62.2,59.3,501.6,4.6,37.5,786.4,69.2,11939.7,7693.9,64.4,62.6,4245.8,2.8,217.9,7476.1,66.5,2845.7,1780.2,62.6,60.3,1065.5,3.7,65.7,1714.6,67.0,2320.0,1470.0,63.4,61.5,850.0,3.0,43.9,1426.1,68.2,45357.9,28684.5,63.2,61.2,16673.4,3.2,917.8,27766.7,65.3,1279.9,778.3,60.8,59.3,501.6,2.5,19.2,759.1,66.9,2074.9,1268.6,61.1,58.8,806.2,3.9,49.0,1219.6,67.8,1290.6,819.9,63.5,61.5,470.7,3.1,25.6,794.2,66.0,2933.9,1736.1,59.2,57.2,1197.9,3.3,56.6,1679.5,68.5,8458.0,5255.5,62.1,60.3,3202.5,3.0,159.2,5096.3,67.2,319.4,207.5,65.0,63.5,111.9,2.3,4.8,202.7,64.8,956.7,587.5,61.4,59.0,369.2,4.0,23.5,564.0,68.6,2604.7,1688.0,64.8,61.9,916.7,4.5,75.4,1612.6,71.7,1524.4,1034.9,67.9,65.8,489.5,3.1,31.6,1003.4,66.5,1555.4,981.2,63.1,61.3,574.2,2.8,27.5,953.7,73.0,578.0,402.8,69.7,67.8,175.3,2.7,11.0,391.8,68.0,1919.0,1217.5,63.4,61.4,701.5,3.2,39.1,1178.4,70.2,1431.9,938.6,65.5,63.4,493.2,3.2,30.3,908.3
2023Q02,71.2,1327.0,890.7,67.1,65.7,436.3,2.2,19.3,871.4,70.6,11941.9,7911.3,66.2,64.4,4030.6,2.7,217.0,7694.3,69.2,2840.2,1835.9,64.6,63.1,1004.3,2.4,43.5,1792.4,69.2,2313.6,1537.8,66.5,64.7,775.8,2.7,41.3,1496.5,69.6,45377.9,29492.5,65.0,63.2,15885.5,2.7,799.5,28693.0,65.6,1279.4,790.2,61.8,60.2,489.2,2.6,20.3,769.9,68.7,2075.1,1305.4,62.9,61.0,769.6,3.1,40.0,1265.4,68.0,1292.0,823.3,63.7,61.9,468.6,2.9,23.6,799.7,66.4,2930.8,1757.0,59.9,57.9,1173.8,3.4,60.5,1696.5,69.6,8469.5,5343.5,63.1,61.3,3126.0,2.8,148.0,5195.6,68.6,322.0,216.7,67.3,65.7,105.3,2.4,5.2,211.6,65.8,956.5,594.9,62.2,60.1,361.6,3.5,20.6,574.4,69.9,2617.6,1716.3,65.6,63.5,901.3,3.1,53.0,1663.4,73.1,1523.2,1057.5,69.4,68.3,465.7,1.6,16.9,1040.6,67.6,1553.4,1018.7,65.6,63.7,534.7,2.8,28.8,989.9,74.2,579.1,409.4,70.7,69.2,169.8,2.1,8.5,400.9,70.5,1923.0,1309.6,68.1,66.5,613.4,2.4,31.6,1278.0,72.4,1433.6,974.2,68.0,66.5,459.4,2.2,21.6,952.7
2023Q03,70.6,1327.6,883.2,66.5,65.4,444.5,1.6,14.5,868.6,70.9,11963.2,7927.5,66.3,64.6,4035.7,2.5,200.5,7727.1,68.5,2837.1,1801.4,63.5,62.4,1035.7,1.7,30.7,1770.7,68.4,2289.6,1498.7,65.5,64.0,791.0,2.2,33.3,1465.4,69.6,45414.8,29367.7,64.7,63.2,16047.1,2.3,680.5,28687.2,65.7,1279.2,789.6,61.7,60.4,489.7,2.1,16.3,773.2,68.3,2095.7,1296.0,61.8,60.3,799.6,2.4,31.7,1264.4,67.6,1294.1,817.8,63.2,61.6,476.3,2.5,20.3,797.5,67.1,2928.8,1751.3,59.8,58.2,1177.5,2.6,46.0,1705.3,69.6,8473.1,5319.2,62.8,61.2,3153.9,2.5,131.7,5187.5,68.1,323.3,215.2,66.6,65.2,108.1,2.0,4.2,210.9,65.6,956.3,589.3,61.6,59.9,367.0,2.8,16.6,572.7,70.1,2629.0,1727.4,65.7,64.0,901.5,2.5,43.7,1683.7,71.7,1522.3,1043.3,68.5,67.3,479.0,1.9,19.4,1023.9,68.5,1552.3,1021.8,65.8,64.6,530.5,1.9,19.6,1002.2,75.2,579.7,410.5,70.8,69.9,169.1,1.4,5.6,405.0,70.6,1928.3,1307.8,67.8,66.3,620.5,2.2,29.3,1278.4,71.7,1435.3,967.8,67.4,66.2,467.5,1.8,17.1,950.7
2023Q04,69.6,1329.1,860.0,64.7,62.9,469.1,2.8,23.8,836.2,70.9,11999.1,7905.3,65.9,64.3,4093.9,2.4,190.2,7715.0,68.5,2836.4,1803.1,63.6,62.2,1033.3,2.2,39.9,1763.2,68.8,2288.7,1496.1,65.4,63.7,792.7,2.5,37.7,1458.3,69.5,45477.7,29267.3,64.4,62.7,16210.4,2.6,749.0,28518.3,65.9,1279.8,797.0,62.3,60.4,482.8,3.1,24.5,772.6,67.3,2096.2,1273.9,60.8,59.0,822.3,2.9,36.6,1237.3,67.9,1297.2,818.6,63.1,61.4,478.6,2.7,22.0,796.6,66.6,2928.2,1740.1,59.4,57.5,1188.0,3.2,56.0,1684.1,70.2,8475.2,5358.8,63.2,61.5,3116.4,2.7,144.0,5214.8,67.5,323.9,210.3,64.9,64.0,113.6,1.5,3.1,207.2,65.9,956.3,595.5,62.3,60.1,360.8,3.5,20.7,574.9,69.1,2640.4,1704.3,64.5,62.9,936.1,2.6,44.4,1659.9,70.9,1522.2,1030.3,67.7,66.2,491.9,2.3,23.3,1007.0,68.5,1552.3,1010.3,65.1,63.5,541.9,2.5,24.8,985.6,75.8,580.2,412.2,71.0,70.0,168.0,1.4,5.9,406.3,69.9,1934.9,1289.5,66.6,64.9,645.4,2.6,33.0,1256.4,71.3,1437.6,962.1,66.9,65.6,475.5,2.0,19.1,943.0
2024Q01,67.0,1330.2,820.1,61.7,58.9,510.1,4.5,36.9,783.3,69.9,12031.5,7800.0,64.8,62.8,4231.4,3.1,241.6,7558.4,67.4,2832.9,1789.1,63.2,61.4,1043.7,2.7,48.6,1740.5,67.3,2286.0,1473.5,64.5,62.3,812.5,3.4,50.2,1423.3,68.8,45522.6,29019.9,63.7,61.6,16502.7,3.3,959.5,28060.4,66.3,1279.8,807.6,63.1,61.1,472.2,3.2,26.0,781.6,65.9,2096.5,1263.9,60.3,57.8,832.6,4.1,52.2,1211.7,67.0,1299.6,813.4,62.6,60.5,486.2,3.4,27.7,785.7,66.6,2925.2,1737.5,59.4,57.3,1187.7,3.6,62.3,1675.2,70.4,8476.0,5382.5,63.5,61.5,3093.5,3.2,169.8,5212.7,67.6,323.1,209.0,64.7,63.3,114.1,2.1,4.3,204.6,64.2,956.1,585.9,61.3,58.6,370.2,4.4,25.6,560.3,68.6,2652.9,1722.7,64.9,62.3,930.2,4.0,69.2,1653.5,70.4,1521.7,1021.0,67.1,65.1,500.6,3.0,30.2,990.9,67.7,1550.6,995.5,64.2,62.6,555.0,2.5,24.9,970.6,74.8,578.8,410.5,70.9,69.1,168.2,2.6,10.6,400.0,68.6,1941.7,1236.9,63.7,61.1,704.8,4.1,51.1,1185.8,70.5,1440.1,950.7,66.0,64.0,489.4,3.0,28.4,922.3
2024Q02,71.3,1327.9,892.8,67.2,65.7,435.0,2.3,20.8,872.1,71.0,12053.2,8017.6,66.5,64.6,4035.6,2.9,230.3,7787.3,68.7,2829.8,1818.3,64.3,63.0,1011.5,2.0,35.7,1782.6,69.4,2284.0,1525.1,66.8,65.0,758.9,2.7,40.6,1484.5,69.8,45544.1,29713.7,65.2,63.3,15830.3,2.9,875.3,28838.5,66.6,1278.5,808.5,63.2,61.4,469.9,2.9,23.1,785.5,66.1,2096.3,1272.9,60.7,58.5,823.4,3.6,46.0,1226.8,68.0,1301.1,823.1,63.3,61.3,478.0,3.1,25.3,797.8,66.5,2921.5,1745.3,59.7,57.9,1176.2,3.1,53.4,1691.9,70.6,8470.1,5439.2,64.2,62.0,3030.9,3.5,191.1,5248.1,69.1,322.2,215.2,66.8,65.6,107.0,1.8,3.8,211.4,66.2,956.0,599.9,62.8,60.4,356.1,3.7,22.2,577.6,69.6,2665.0,1750.5,65.7,63.4,914.5,3.5,61.6,1688.9,70.9,1521.2,1041.0,68.4,66.8,480.3,2.3,24.3,1016.6,69.2,1549.5,1030.4,66.5,64.8,519.1,2.5,26.1,1004.3,75.1,577.6,411.9,71.3,69.7,165.7,2.3,9.3,402.6,70.5,1948.6,1331.6,68.3,66.2,617.0,3.2,42.0,1289.6,72.8,1441.7,990.4,68.7,67.3,451.3,2.0,19.7,970.7
2024Q03,72.1,1327.1,889.5,67.0,66.2,437.6,1.3,11.6,877.9,71.2,12083.3,7985.1,66.1,64.7,4098.2,2.0,162.2,7822.9,67.7,2829.0,1789.6,63.3,62.1,1039.4,1.8,33.1,1756.6,69.3,2283.1,1506.4,66.0,64.8,776.6,1.8,27.2,1479.2,69.8,45585.0,29474.4,64.7,63.3,16110.7,2.2,641.0,28833.4,65.8,1278.0,792.8,62.0,60.5,485.2,2.5,19.7,773.1,65.3,2096.0,1249.5,59.6,58.0,846.5,2.8,34.6,1214.9,67.1,1302.3,806.6,61.9,60.5,495.6,2.4,19.1,787.5,67.2,2918.4,1744.1,59.8,58.3,1174.3,2.4,42.5,1701.6,70.5,8468.1,5372.2,63.4,61.8,3095.9,2.5,134.7,5237.5,69.3,322.5,216.2,67.0,65.8,106.3,1.8,3.9,212.3,66.3,956.5,596.1,62.3,60.2,360.4,3.4,20.5,575.6,70.9,2676.8,1763.4,65.9,64.4,913.5,2.2,39.4,1723.9,71.0,1519.8,1033.7,68.0,66.6,486.1,2.1,21.6,1012.1,69.1,1548.2,1019.5,65.9,64.8,528.7,1.7,17.0,1002.6,74.4,577.1,409.0,70.9,69.5,168.2,1.9,7.7,401.2,70.6,1955.2,1322.1,67.6,66.1,633.1,2.2,29.3,1292.8,71.9,1443.5,978.3,67.8,66.6,465.1,1.7,16.9,961.5
2024Q04,71.0,1326.8,867.9,65.4,63.4,458.8,3.1,26.8,841.1,70.9,12115.9,7948.5,65.6,64.0,4167.4,2.4,188.6,7760.0,68.3,2829.0,1797.7,63.5,61.9,1031.3,2.6,46.2,1751.6,69.6,2282.4,1495.0,65.5,64.0,787.5,2.3,34.9,1460.0,69.7,45629.6,29385.8,64.4,62.6,16243.8,2.8,816.0,28569.8,65.2,1277.9,785.0,61.4,59.2,492.9,3.6,27.9,757.1,65.3,2095.4,1247.2,59.5,57.6,848.2,3.2,39.3,1207.9,66.8,1303.1,811.4,62.3,60.3,491.7,3.2,26.2,785.2,67.2,2915.3,1731.1,59.4,57.7,1184.2,2.8,48.3,1682.8,70.2,8467.4,5376.6,63.5,61.6,3090.8,3.0,162.0,5214.5,69.9,323.3,217.3,67.2,66.0,106.0,1.8,3.9,213.4,67.1,957.2,595.0,62.2,60.1,362.2,3.3,19.7,575.3,70.7,2688.2,1776.4,66.1,63.9,911.8,3.3,58.2,1718.2,70.9,1517.6,1034.0,68.1,65.7,483.7,3.5,36.7,997.2,68.7,1546.7,1007.1,65.1,62.9,539.6,3.4,34.7,972.4,74.6,576.9,408.3,70.8,69.0,168.6,2.6,10.5,397.8,71.3,1961.3,1317.9,67.2,65.7,643.5,2.3,29.9,1287.9,71.5,1445.1,969.6,67.1,65.6,475.6,2.3,22.2,947.4
2025Q01,68.1,1327.5,830.3,62.5,60.2,497.1,3.8,31.4,798.9,70.5,12154.8,7906.1,65.0,63.2,4248.7,2.8,221.9,7684.2,68.5,2834.1,1805.3,63.7,62.3,1028.8,2.3,41.0,1764.3,68.0,2283.6,1476.2,64.6,62.7,807.4,3.1,45.5,1430.7,69.0,45692.1,29195.5,63.9,61.8,16496.6,3.4,980.2,28215.3,65.1,1277.7,792.7,62.0,59.9,485.0,3.5,27.7,765.0,65.3,2095.4,1244.5,59.4,57.3,850.9,3.5,43.5,1201.0,67.5,1304.9,825.6,63.3,61.0,479.2,3.5,29.1,796.5,66.9,2912.7,1734.3,59.5,57.4,1178.4,3.6,62.5,1671.8,69.0,8460.7,5353.2,63.3,60.4,3107.5,4.5,240.4,5112.8,68.4,324.5,214.2,66.0,64.0,110.4,3.0,6.4,207.8,66.2,959.0,584.2,60.9,59.4,374.9,2.6,15.0,569.2,69.9,2697.1,1758.5,65.2,62.9,938.6,3.6,63.3,1695.2,69.7,1518.4,1017.7,67.0,64.6,500.7,3.5,36.0,981.6,67.4,1547.2,988.2,63.9,61.8,559.0,3.3,32.6,955.6,73.9,577.0,406.8,70.5,68.8,170.2,2.4,9.7,397.1,70.0,1969.1,1288.0,65.4,63.0,681.1,3.7,48.1,1239.9,71.8,1448.3,969.7,67.0,65.2,478.6,2.7,25.9,943.7
