?办 攵毳,2017,2018,2019,2020,2021,2022
?毽???85759,90717,83817,78045,68272,76064,
甏,877,727,824,925,1046,1433
?臁??297445,303872,304835,307491,310328,310899,
瓯挫??202324,196066,198321,201812,204294,204722,
?毵れ,455205,432265,433938,438314,441587,435654
?氚路?,154700,154531,152298,151109,148767,152108
?旮奥逢??ぢ缝????25381,25960,25279,24716,24286,25746,
?挫路?绊,168087,164651,167006,170120,173122,169085
旮德冯炒,61281,56888,58036,59525,61145,57260
?氤?奠,58907,59795,60586,61716,63044,62774
攵????39621,42171,42305,42792,43547,45705,
?氍嘎逢赴 ?牍??201824,206825,209764,214038,218230,224687,
瓿店车?,88237,85073,86191,87790,89706,87137
甑,95705,96805,96098,95860,96722,99311
氤搓贝路氤奠?,340086,358648,362879,369179,375822,375743
旮绊? ?牍??172269,170668,171002,172686,171851,174389,
