학교명,시도,졸업자_계,취업자_합계_계,취업률_계
강릉원주대학교,강원,1267,649,55.9
강릉원주대학교,강원,520,297,58.8
강릉원주대학교대학원,강원,84,48,77.4
강릉원주대학교대학원,강원,28,21,95.5
강릉원주대학교대학원,강원,15,14,93.3
강릉원주대학교대학원,강원,2,2,100.0
강원대학교,강원,3426,1888,62.8
강원대학교,강원,1504,948,65.9
강원대학교일반대학원,강원,423,240,84.2
강원대학교일반대학원,강원,158,117,85.4
경북대학교,대구,5230,2604,57.9
경북대학교 일반대학원,대구,772,410,77.7
경북대학교 일반대학원,대구,327,234,91.4
경상국립대학교,경남,3340,1454,49.2
경상국립대학교 대학원,경남,346,189,78.1
경상국립대학교 대학원,경남,148,97,88.2
공주대학교,충남,3074,1653,59.0
공주대학교대학원,충남,283,200,84.4
공주대학교대학원,충남,114,79,84.0
군산대학교,전북,1543,787,55.5
군산대학교대학원,전북,88,48,81.4
군산대학교대학원,전북,79,22,88.0
금오공과대학교,경북,1431,795,61.5
금오공과대학교대학원,경북,115,66,88.0
금오공과대학교대학원,경북,42,30,93.8
목포대학교,전남,1551,836,57.9
목포대학교대학원,전남,82,52,85.2
목포대학교대학원,전남,48,36,85.7
목포해양대학교,전남,502,387,85.4
목포해양대학교대학원,전남,9,6,85.7
목포해양대학교대학원,전남,9,8,100.0
부경대학교,부산,4243,1885,50.6
부경대학교대학원,부산,334,174,80.9
부경대학교대학원,부산,159,96,82.8
부산대학교,부산,4688,2214,55.6
부산대학교 일반대학원,부산,975,548,80.6
부산대학교 일반대학원,부산,366,268,89.6
서울대학교,서울,3324,1621,71.1
서울대학교 대학원,서울,1624,880,76.9
서울대학교 대학원,서울,1408,1025,77.2
순천대학교,전남,1590,864,58.0
순천대학교일반대학원,전남,101,61,82.4
순천대학교일반대학원,전남,30,22,91.7
안동대학교,경북,1379,692,54.7
안동대학교대학원,경북,80,47,82.5
안동대학교대학원,경북,24,16,84.2
전남대학교,광주,3984,2108,59.5
전남대학교,전남,547,286,57.0
전남대학교대학원,광주,521,324,86.4
전남대학교대학원,광주,261,170,85.9
전북대학교,전북,4084,2126,59.1
전북대학교 대학원,전북,515,269,80.5
전북대학교 대학원,전북,260,161,87.5
제주대학교,제주,2064,1049,56.6
제주대학교대학원,제주,171,73,79.3
제주대학교대학원,제주,92,55,76.4
창원대학교,경남,1779,939,57.0
창원대학교 대학원,경남,139,82,75.9
창원대학교 대학원,경남,83,56,84.8
충남대학교,대전,3718,1944,62.1
충남대학교대학원,대전,642,422,84.4
충남대학교대학원,대전,336,242,85.5
충북대학교,충북,3240,1618,57.8
충북대학교 대학원,충북,520,337,83.8
충북대학교 대학원,충북,207,151,90.4
한국교원대학교,충북,589,313,55.3
한국교원대학교대학원,충북,379,283,80.6
한국교원대학교대학원,충북,54,45,86.5
한국체육대학교,서울,611,396,72.4
한국체육대학교 대학원,서울,63,47,83.9
한국체육대학교 대학원,서울,18,15,88.2
한국해양대학교,부산,1402,913,73.1
한국해양대학교대학원,부산,127,87,85.3
한국해양대학교대학원,부산,55,40,87.0
한국교통대학교,충북,2004,1168,62.8
한국교통대학교 대학원,충북,95,71,84.5
한국교통대학교 대학원,충북,15,13,100.0
경남과학기술대학교,경남,974,527,57.3
경남과학기술대학교 대학원,경남,69,41,71.9
경남과학기술대학교 대학원,경남,9,7,77.8
서울과학기술대학교,서울,2361,1401,67.2
서울과학기술대학교 일반대학원,서울,256,151,86.8
서울과학기술대학교 일반대학원,서울,43,28,93.3
한경대학교,경기,1207,778,67.9
한경대학교 일반대학원,경기,98,51,81.0
한경대학교 일반대학원,경기,8,7,100.0
한밭대학교,대전,2062,1178,60.9
한밭대학교 일반대학원,대전,75,50,86.2
한밭대학교 일반대학원,대전,12,9,100.0
서울시립대학교,서울,1862,1135,69.2
서울시립대학교대학원,서울,254,171,84.2
서울시립대학교대학원,서울,94,78,86.7
인천대학교,인천,2967,1796,67.0
인천대학교대학원,인천,154,95,77.9
인천대학교대학원,인천,70,51,89.5
가야대학교,경남,546,385,74.6
가야대학교일반대학원,경남,2,1,100.0
가톨릭대학교,경기,1478,789,60.2
가톨릭대학교,서울,174,155,90.1
가톨릭대학교,서울,44,0,0.0
가톨릭대학교대학원,경기,108,71,77.2
가톨릭대학교대학원,경기,37,32,86.5
가톨릭대학교 일반대학원,서울,78,60,89.6
가톨릭대학교 일반대학원,서울,115,110,97.3
가톨릭대학교 일반대학원,서울,15,13,92.9
감리교신학대학교,서울,185,0,0.0
감리교신학대학교대학원,서울,39,0,0.0
감리교신학대학교대학원,서울,11,0,0.0
강남대학교,경기,1567,894,60.8
강남대학교대학원,경기,33,17,85.0
강남대학교대학원,경기,27,24,92.3
건국대학교,서울,3585,1975,69.1
건국대학교,충북,1538,922,65.9
건국대학교일반대학원,서울,539,281,81.0
건국대학교일반대학원,서울,210,159,84.1
건국대학교 일반대학원,충북,50,31,83.8
건국대학교 일반대학원,충북,27,20,87.0
건양대학교,충남,947,609,68.1
건양대학교,대전,868,661,80.0
건양대학교 일반대학원,대전,70,54,88.5
건양대학교 일반대학원,대전,19,17,89.5
경기대학교,경기,2580,1473,61.7
경기대학교,서울,452,278,69.5
경기대학교 일반대학원,서울,160,113,81.9
경기대학교 일반대학원,서울,112,70,84.3
경남대학교,경남,2107,1224,62.4
경남대학교대학원,경남,90,61,81.3
경남대학교대학원,경남,55,35,76.1
경동대학교,강원,522,261,70.5
경동대학교,강원,957,780,82.9
경동대학교,경기,300,218,74.9
대구한의대학교,경북,1461,908,66.0
대구한의대학교 대학원,경북,58,41,80.4
대구한의대학교 대학원,경북,38,30,78.9
경성대학교,부산,2768,1456,56.5
경성대학교 일반대학원,부산,83,46,85.2
경성대학교 일반대학원,부산,26,16,72.7
가천대학교,경기,4178,2571,67.4
가천대학교 일반대학원,경기,316,128,80.5
가천대학교 일반대학원,경기,129,81,83.5
경일대학교,경북,1263,774,64.8
경일대학교 일반대학원,경북,34,26,83.9
경일대학교 일반대학원,경북,18,18,100.0
경주대학교,경북,240,124,66.7
경주대학교일반대학원,경북,21,14,73.7
경주대학교일반대학원,경북,3,1,33.3
경희대학교,서울,6093,3429,68.9
경희대학교대학원,서울,903,489,83.2
경희대학교대학원,서울,355,234,77.7
계명대학교,대구,4755,2389,55.5
계명대학교 대학원,대구,332,198,75.6
계명대학교 대학원,대구,107,49,84.5
고려대학교,서울,4828,2300,70.1
고려대학교 세종캠퍼스,세종,1315,741,66.6
고려대학교 대학원,서울,1024,690,81.7
고려대학교 대학원,서울,628,488,82.6
고려대학교 일반대학원,세종,90,65,84.4
고려대학교 일반대학원,세종,57,48,88.9
고신대학교,부산,830,461,71.8
고신대학교 대학원,부산,45,31,93.9
고신대학교 대학원,부산,21,15,100.0
가톨릭관동대학교,강원,1673,933,60.8
가톨릭관동대학교 일반대학원,강원,40,17,60.7
가톨릭관동대학교 일반대학원,강원,26,14,58.3
광신대학교,광주,138,31,56.4
광신대학교대학원,광주,15,0,0.0
광신대학교대학원,광주,10,5,100.0
광운대학교,서울,1737,986,65.0
광운대학교대학원,서울,164,102,85.0
광운대학교대학원,서울,102,79,90.8
광주가톨릭대학교,전남,19,0,0.0
광주가톨릭대학교대학원,전남,9,0,0.0
광주여자대학교,광주,796,506,66.4
광주여자대학교 일반대학원,광주,24,14,87.5
광주여자대학교 일반대학원,광주,7,2,50.0
국민대학교,서울,3622,2022,68.9
국민대학교대학원,서울,276,121,70.8
국민대학교대학원,서울,88,60,83.3
케이씨대학교,서울,288,161,64.1
케이씨대학교일반대학원,서울,7,0,0.0
케이씨대학교일반대학원,서울,3,0,0.0
극동대학교,충북,786,520,69.1
극동대학교일반대학원,충북,7,2,100.0
극동대학교일반대학원,충북,6,4,66.7
나사렛대학교,충남,1169,700,64.8
나사렛대학교 일반대학원,충남,17,12,85.7
나사렛대학교 일반대학원,충남,11,7,63.6
단국대학교,경기,2850,1549,62.8
단국대학교,충남,2808,1670,66.3
단국대학교 일반대학원,경기,321,152,76.0
단국대학교 일반대학원,경기,180,115,83.3
단국대학교 일반대학원,충남,124,97,87.4
단국대학교 일반대학원,충남,68,52,83.9
대구대학교,경북,4016,2161,58.2
대구대학교대학원,경북,163,95,75.4
대구대학교대학원,경북,73,52,89.7
대구예술대학교,경북,207,99,51.3
대구가톨릭대학교,경북,2617,1443,61.0
대구가톨릭대학교대학원,경북,185,118,84.9
대구가톨릭대학교대학원,경북,59,48,85.7
세한대학교,전남,788,466,63.6
세한대학교일반대학원,전남,15,8,80.0
세한대학교일반대학원,전남,35,6,100.0
대신대학교,경북,101,23,48.9
대신대학교 대학원,경북,8,2,33.3
대전가톨릭대학교,세종,12,0,0.0
대전가톨릭대학교 대학원,세종,7,0,0.0
대전대학교,대전,1876,1132,63.5
대전대학교 일반대학원,대전,87,65,85.5
대전대학교 일반대학원,대전,73,63,88.7
대진대학교,경기,1691,1036,64.5
대진대학교 대학원,경기,34,27,96.4
대진대학교 대학원,경기,13,12,92.3
서울기독대학교,서울,94,46,61.3
서울기독대학교 대학원,서울,13,0,0.0
서울기독대학교 대학원,서울,12,5,83.3
덕성여자대학교,서울,1427,799,59.8
덕성여자대학교 대학원,서울,33,25,86.2
덕성여자대학교 대학원,서울,6,4,80.0
동국대학교,서울,3493,1946,68.8
동국대학교,경북,1684,896,61.9
동국대학교 대학원,서울,418,164,80.0
동국대학교 대학원,서울,206,118,79.2
동국대학교 일반대학원,경북,37,15,88.2
동국대학교 일반대학원,경북,17,6,66.7
동덕여자대학교,서울,1577,1019,67.9
동덕여자대학교일반대학원,서울,36,22,62.9
동덕여자대학교일반대학원,서울,18,14,77.8
동서대학교,부산,2271,1374,64.1
동서대학교일반대학원,부산,71,23,92.0
동서대학교일반대학원,부산,21,6,85.7
동신대학교,전남,1412,899,68.4
동신대학교대학원,전남,97,60,80.0
동신대학교대학원,전남,31,26,92.9
동아대학교,부산,4268,2202,56.1
동아대학교 대학원,부산,250,153,83.6
동아대학교 대학원,부산,126,85,83.3
동양대학교,경북,772,445,60.9
동양대학교일반대학원,경북,14,10,100.0
동양대학교일반대학원,경북,10,9,100.0
동의대학교,부산,3325,1879,60.4
동의대학교대학원,부산,124,83,85.6
동의대학교대학원,부산,76,48,87.3
루터대학교,경기,87,42,56.8
명지대학교 자연캠퍼스,경기,1523,918,67.4
명지대학교 인문캠퍼스,서울,1818,1081,64.2
명지대학교 대학원,경기,223,160,85.1
명지대학교 대학원,경기,97,61,81.3
목원대학교,대전,1601,850,58.5
목원대학교일반대학원,대전,64,29,60.4
목원대학교일반대학원,대전,26,19,95.0
배재대학교,대전,1750,1029,63.1
배재대학교대학원,대전,77,43,91.5
배재대학교대학원,대전,47,33,94.3
부산가톨릭대학교,부산,932,599,66.9
부산가톨릭대학교대학원,부산,35,28,87.5
부산가톨릭대학교대학원,부산,15,13,92.9
부산외국어대학교,부산,1630,843,59.0
부산외국어대학교대학원,부산,51,27,93.1
부산외국어대학교대학원,부산,11,4,57.1
삼육대학교,서울,1368,843,67.0
삼육대학교 대학원,서울,59,40,75.5
삼육대학교 대학원,서울,22,16,84.2
상명대학교,서울,1408,738,62.9
상명대학교,충남,1324,846,68.7
상명대학교 대학원,서울,127,69,78.4
상명대학교 대학원,서울,46,26,81.3
상명대학교 대학원,충남,28,13,76.5
상명대학교 대학원,충남,19,7,100.0
상지대학교,강원,1312,819,65.8
상지대학교대학원,강원,14,10,76.9
상지대학교대학원,강원,22,17,81.0
서강대학교,서울,1818,916,71.9
서강대학교대학원,서울,352,234,79.9
서강대학교대학원,서울,72,51,76.1
서경대학교,서울,1288,807,71.2
서경대학교 일반대학원,서울,61,38,79.2
서경대학교 일반대학원,서울,31,25,86.2
서울신학대학교,경기,452,220,65.7
서울신학대학교대학원,경기,30,7,87.5
서울신학대학교대학원,경기,7,4,100.0
서울여자대학교,서울,1563,908,65.4
서울여자대학교 대학원,서울,46,35,77.8
서울여자대학교 대학원,서울,13,10,76.9
서울장신대학교,경기,133,34,54.8
서울장신대학교 일반대학원,경기,9,0,0.0
서울장신대학교 일반대학원,경기,4,0,0.0
서원대학교,충북,1519,828,57.5
선문대학교,충남,1960,1193,70.1
선문대학교대학원,충남,36,13,72.2
선문대학교대학원,충남,19,10,66.7
성결대학교,경기,1100,646,65.3
성결대학교일반대학원,경기,18,15,93.8
성공회대학교,서울,441,253,58.6
성공회대학교대학원,서울,16,6,60.0
성공회대학교대학원,서울,5,3,60.0
성균관대학교,서울,4261,2357,78.5
성균관대학교 일반대학원,서울,1137,731,86.7
성균관대학교 일반대학원,서울,510,365,83.3
성신여자대학교,서울,2022,1131,61.0
성신여자대학교대학원,서울,154,83,61.5
성신여자대학교대학원,서울,27,19,73.1
세명대학교,충북,1624,993,64.6
세명대학교일반대학원,충북,35,25,86.2
세명대학교일반대학원,충북,18,12,85.7
세종대학교,서울,2779,1555,67.8
세종대학교일반대학원,서울,323,165,79.3
세종대학교일반대학원,서울,155,100,80.6
수원가톨릭대학교,경기,27,0,0.0
수원가톨릭대학교대학원,경기,13,0,0.0
수원대학교,경기,1978,1168,63.5
수원대학교일반대학원,경기,46,35,81.4
수원대학교일반대학원,경기,62,23,85.2
숙명여자대학교,서울,2225,1312,66.9
숙명여자대학교 일반대학원,서울,199,118,68.6
숙명여자대학교 일반대학원,서울,81,51,67.1
순천향대학교,충남,2532,1504,67.7
순천향대학교대학원,충남,138,94,87.9
순천향대학교대학원,충남,60,45,91.8
숭실대학교,서울,3028,1777,68.7
숭실대학교 대학원,서울,330,190,83.0
숭실대학교 대학원,서울,187,144,87.8
신라대학교,부산,1954,1013,58.8
신라대학교 대학원,부산,79,31,73.8
신라대학교 대학원,부산,40,15,93.8
아신대학교,경기,152,0,0.0
아신대학교 대학원,경기,15,0,0.0
아신대학교 대학원,경기,6,0,0.0
아주대학교,경기,2190,1353,72.4
아주대학교대학원,경기,285,227,90.1
아주대학교대학원,경기,133,117,98.3
안양대학교,경기,928,515,62.9
안양대학교,인천,55,29,54.7
안양대학교대학원,경기,23,12,80.0
안양대학교대학원,경기,16,11,78.6
연세대학교,서울,4133,2199,71.4
연세대학교 미래캠퍼스,강원,1654,994,69.4
연세대학교 대학원,서울,1293,826,80.2
연세대학교 대학원,서울,741,589,83.5
연세대학교 일반대학원,강원,125,81,76.4
연세대학교 일반대학원,강원,71,59,90.8
영남대학교,경북,4889,2283,52.1
영남대학교 일반대학원,경북,289,153,76.1
영남대학교 일반대학원,경북,162,101,82.8
영남신학대학교,경북,95,12,57.1
영남신학대학교대학원,경북,15,2,66.7
영남신학대학교대학원,경북,2,0,0.0
유원대학교,충북,801,508,67.6
영산선학대학교,전남,4,0,0.0
용인대학교,경기,1441,927,68.2
용인대학교일반대학원,경기,33,24,88.9
용인대학교일반대학원,경기,59,29,90.6
우석대학교,전북,1473,857,65.5
우석대학교 일반대학원,전북,113,38,88.4
우석대학교 일반대학원,전북,145,24,92.3
울산대학교,울산,2629,1357,55.6
울산대학교 대학원,울산,291,192,83.8
울산대학교 대학원,울산,146,91,89.2
원광대학교,전북,2703,1605,64.7
원광대학교 대학원,전북,168,107,83.6
원광대학교 대학원,전북,248,71,71.7
위덕대학교,경북,642,372,67.0
위덕대학교 대학원,경북,12,2,100.0
위덕대학교 대학원,경북,12,9,81.8
을지대학교,대전,163,138,87.3
을지대학교,경기,1030,771,77.6
을지대학교일반대학원,대전,43,34,87.2
을지대학교일반대학원,대전,31,27,87.1
이화여자대학교,서울,3364,1671,64.9
이화여자대학교 대학원,서울,840,498,75.7
이화여자대학교 대학원,서울,218,160,78.0
인제대학교,경남,2150,1305,66.1
인제대학교 일반대학원,경남,191,144,91.7
인제대학교 일반대학원,경남,75,48,78.7
인천가톨릭대학교,인천,8,0,0.0
인천가톨릭대학교,인천,138,95,73.1
인천가톨릭대학교대학원,인천,5,0,0.0
인천가톨릭대학교 일반대학원,인천,22,15,71.4
인하대학교,인천,3962,2373,69.8
인하대학교대학원,인천,382,272,88.0
인하대학교대학원,인천,188,131,87.3
장로회신학대학교,서울,173,0,0.0
장로회신학대학교 일반대학원,서울,109,4,44.4
장로회신학대학교 일반대학원,서울,21,0,0.0
전주대학교,전북,2385,1223,58.0
전주대학교 일반대학원,전북,98,44,77.2
전주대학교 일반대학원,전북,60,32,86.5
조선대학교,광주,4599,2411,56.8
조선대학교대학원,광주,194,127,87.0
조선대학교대학원,광주,139,98,85.2
중부대학교,충남,1707,1041,67.8
중부대학교일반대학원,충남,38,25,89.3
중부대학교일반대학원,충남,14,12,100.0
중앙대학교,서울,5184,3088,70.3
중앙대학교,경기,1674,1006,69.1
중앙대학교 대학원,서울,827,424,83.6
중앙대학교 대학원,서울,242,164,82.0
중앙대학교 대학원,경기,74,46,82.1
중앙대학교 대학원,경기,9,2,40.0
중앙승가대학교,경기,39,0,0.0
중앙승가대학교대학원,경기,18,0,0.0
중앙승가대학교대학원,경기,3,0,0.0
백석대학교,충남,2898,1699,63.5
청주대학교,충북,2508,1523,66.0
청주대학교일반대학원,충북,78,35,83.3
청주대학교일반대학원,충북,96,32,91.4
총신대학교,서울,399,166,63.8
총신대학교일반대학원,서울,41,2,50.0
총신대학교일반대학원,서울,16,0,0.0
추계예술대학교,서울,250,117,53.2
추계예술대학교 일반대학원,서울,15,8,57.1
추계예술대학교 일반대학원,서울,6,4,66.7
한국침례신학대학교,대전,329,109,60.9
한국침례신학대학교 대학원,대전,16,2,40.0
한국침례신학대학교 대학원,대전,3,0,0.0
칼빈대학교,경기,97,30,75.0
칼빈대학교대학원,경기,79,60,88.2
칼빈대학교대학원,경기,60,47,85.5
평택대학교,경기,757,428,62.4
평택대학교 일반대학원,경기,4,4,100.0
평택대학교 일반대학원,경기,16,13,81.3
차의과학대학교,경기,543,325,69.9
차의과학대학교 대학원,경기,63,50,90.9
차의과학대학교 대학원,경기,68,52,76.5
포항공과대학교,경북,316,63,73.3
포항공과대학교 대학원,경북,173,95,87.2
포항공과대학교 대학원,경북,210,191,92.7
한국기술교육대학교,충남,863,609,77.3
한국기술교육대학교 대학원,충남,47,34,91.9
한국기술교육대학교 대학원,충남,21,16,94.1
한국성서대학교,서울,256,179,78.2
한국성서대학교대학원,서울,14,4,50.0
한국성서대학교대학원,서울,2,0,0.0
한국외국어대학교,서울,3757,2107,63.9
한국외국어대학교 일반대학원,서울,280,95,70.4
한국외국어대학교 일반대학원,서울,82,43,66.2
한국항공대학교,경기,855,493,67.1
한국항공대학교대학원,경기,77,50,78.1
한국항공대학교대학원,경기,33,31,96.9
한남대학교,대전,2390,1388,63.7
한남대학교대학원,대전,87,53,77.9
한남대학교대학원,대전,39,28,80.0
한동대학교,경북,821,421,63.0
한동대학교 일반대학원,경북,40,19,57.6
한동대학교 일반대학원,경북,7,4,80.0
한라대학교,강원,804,500,64.0
한림대학교,강원,1741,948,62.5
한림대학교대학원,강원,105,66,84.6
한림대학교대학원,강원,35,25,86.2
한서대학교,충남,1370,847,67.6
한서대학교대학원,충남,50,39,92.9
한서대학교대학원,충남,31,19,86.4
한성대학교,서울,1447,932,68.0
한성대학교일반대학원,서울,35,24,82.8
한성대학교일반대학원,서울,37,33,94.3
한세대학교,경기,545,340,71.4
한세대학교 대학원,경기,50,28,80.0
한세대학교 대학원,경기,87,31,66.0
한신대학교,경기,987,550,60.9
한신대학교대학원,경기,14,7,63.6
한신대학교대학원,경기,7,5,100.0
한양대학교,서울,3724,2043,71.4
한양대학교,경기,2147,1219,69.5
한양대학교대학원,서울,975,580,80.3
한양대학교대학원,서울,422,313,86.0
한양대학교 대학원,경기,260,159,85.5
한양대학교 대학원,경기,105,74,86.0
서울한영대학교,서울,138,76,70.4
서울한영대학교 일반대학원,서울,8,0,0.0
서울한영대학교 일반대학원,서울,22,15,88.2
한일장신대학교,전북,199,99,71.7
한일장신대학교 일반대학원,전북,17,9,81.8
한일장신대학교 일반대학원,전북,14,7,77.8
협성대학교,경기,929,514,64.7
협성대학교일반대학원,경기,7,2,100.0
협성대학교일반대학원,경기,23,18,90.0
호남대학교,광주,1703,867,68.3
호남대학교 일반대학원,광주,53,33,76.7
호남대학교 일반대학원,광주,35,18,90.0
호남신학대학교,광주,123,27,58.7
호남신학대학교대학원,광주,4,0,0.0
호서대학교,충남,2805,1673,65.7
호서대학교 대학원,충남,104,58,81.7
호서대학교 대학원,충남,92,36,92.3
홍익대학교,서울,3037,1866,67.7
홍익대학교 세종캠퍼스,세종,1516,959,66.9
홍익대학교 대학원,서울,610,250,72.3
홍익대학교 대학원,서울,108,87,85.3
홍익대학교 일반대학원,세종,28,20,90.9
홍익대학교 일반대학원,세종,8,6,85.7
꽃동네대학교,충북,117,84,73.7
남부대학교,광주,695,428,71.5
남부대학교 일반대학원,광주,22,21,95.5
남부대학교 일반대학원,광주,13,12,92.3
예원예술대학교,전북,110,58,61.7
예원예술대학교,경기,62,30,50.8
목포가톨릭대학교,전남,119,92,77.3
부산장신대학교,경남,56,19,45.2
부산장신대학교일반대학원,경남,1,1,100.0
금강대학교,충남,104,58,66.7
금강대학교 일반대학원,충남,2,0,0.0
금강대학교 일반대학원,충남,3,0,0.0
예수대학교,전북,150,116,79.5
예수대학교 일반대학원,전북,2,2,100.0
한국국제대학교,경남,528,328,65.9
광주대학교,광주,1547,951,66.2
광주대학교 일반대학원,광주,79,66,91.7
광주대학교 일반대학원,광주,26,23,88.5
신경대학교,경기,118,77,67.5
동명대학교,부산,1686,1044,66.2
동명대학교 일반대학원,부산,42,16,94.1
동명대학교 일반대학원,부산,34,12,100.0
영산대학교,경남,548,345,67.9
영산대학교,부산,763,453,66.0
영산대학교 일반대학원,경남,5,5,100.0
영산대학교 일반대학원,부산,17,10,71.4
대전신학대학교,대전,26,0,0.0
대전신학대학교 일반대학원,대전,8,0,0.0
중원대학교,충북,769,497,69.3
중원대학교 일반대학원,충북,7,5,83.3
중원대학교 일반대학원,충북,10,8,88.9
우송대학교(본교),대전,2154,1241,69.1
우송대학교 일반대학원,대전,83,8,80.0
우송대학교 일반대학원,대전,28,14,100.0
김천대학교,경북,706,478,71.4
한려대학교,전남,110,68,67.3
한려대학교 일반대학원,전남,1,1,100.0
한려대학교 일반대학원,전남,1,1,100.0
송원대학교,광주,600,365,66.5
경운대학교,경북,912,610,70.8
경운대학교 일반대학원,경북,17,15,93.8
경운대학교 일반대학원,경북,5,4,80.0
남서울대학교,충남,2272,1428,67.2
남서울대학교 일반대학원,충남,36,28,84.8
남서울대학교 일반대학원,충남,15,13,92.9
초당대학교,전남,677,442,73.4
초당대학교 일반대학원,전남,18,17,94.4
초당대학교 일반대학원,전남,9,9,100.0
한국산업기술대학교,경기,1557,1022,70.6
한국산업기술대학교 일반대학원,경기,63,46,75.4
제주국제대학교,제주,251,157,66.8
제주국제대학교 일반대학원,제주,6,1,100.0
제주국제대학교 일반대학원,제주,3,1,33.3
창신대학교,경남,436,280,67.8
창신대학교 대학원,경남,14,14,100.0
신한대학교,경기,317,232,76.6
신한대학교,경기,1098,725,69.6
신한대학교 일반대학원,경기,57,42,89.4
울산과학기술원,울산,597,223,70.6
울산과학기술원 일반대학원,울산,159,96,84.2
울산과학기술원 일반대학원,울산,180,143,86.1
공주교육대학교,충남,341,187,57.5
광주교육대학교,광주,335,222,68.9
대구교육대학교,대구,417,265,66.6
부산교육대학교,부산,387,255,68.0
서울교육대학교,서울,377,207,58.1
경인교육대학교,경기,685,393,58.7
전주교육대학교,전북,305,162,56.8
진주교육대학교,경남,328,206,66.9
청주교육대학교,충북,303,193,65.0
춘천교육대학교,강원,340,196,61.3
호원대학교,전북,1273,855,72.6
청운대학교,충남,1431,1011,72.7
강원도립대학교,강원,231,95,53.4
경남도립거창대학,경남,331,187,68.8
경남도립남해대학,경남,326,197,69.9
경북도립대학교,경북,295,172,70.8
충북도립대학교,충북,346,186,63.9
충남도립대학교,충남,366,241,71.5
한국복지대학교,경기,232,110,65.5
가톨릭상지대학교,경북,602,439,79.8
군산간호대학교,전북,287,227,80.2
거제대학교,경남,418,268,72.8
경남정보대학교,부산,2901,1842,73.1
호산대학교,경북,695,436,72.4
경민대학교,경기,1809,1088,72.4
영남외국어대학,경북,174,119,77.8
경북전문대학교,경북,1076,677,77.9
경복대학교,경기,2233,1548,79.8
경인여자대학교,인천,1849,1124,70.4
서라벌대학교,경북,211,143,71.9
계명문화대학교,대구,2073,1113,66.4
계원예술대학교,경기,1182,648,65.7
광양보건대학교,전남,327,168,65.1
광주보건대학교,광주,1296,901,74.2
구미대학교,경북,1989,1340,77.4
서해대학,전북,9,3,37.5
군장대학교,전북,739,434,73.4
강동대학교,충북,1256,702,70.4
고구려대학교,전남,842,578,75.1
기독간호대학교,광주,164,133,81.6
전주기전대학,전북,551,289,65.8
경북보건대학교,경북,338,238,74.1
김포대학교,경기,1374,756,68.7
농협대학교,경기,174,165,95.4
대경대학교,경북,1446,755,67.7
대구공업대학교,대구,680,398,68.0
대구보건대학교,대구,2457,1638,74.7
수성대학교,대구,1309,648,63.7
대구과학대학교,대구,1397,838,69.7
대동대학교,부산,446,314,73.7
대림대학교,경기,2576,1794,77.4
대원대학교,충북,894,534,71.3
동서울대학교,경기,2508,1443,67.9
대전보건대학교,대전,1995,1348,74.6
우송정보대학,대전,1839,1031,69.0
대전과학기술대학교,대전,1524,987,74.4
아주자동차대학,충남,498,303,73.5
인천재능대학교,인천,1570,942,70.3
경북과학대학교,경북,476,297,73.2
동남보건대학교,경기,1604,1145,76.6
동강대학교,광주,1168,686,70.5
동아방송예술대학교,경기,1061,646,70.3
동아보건대학교,전남,533,353,73.7
동양미래대학교,서울,2285,1422,71.7
동원대학교,경기,1487,814,66.9
동의과학대학교,부산,2349,1365,68.8
동주대학교,부산,1004,610,69.6
두원공과대학교,경기,1746,1011,66.4
마산대학교,경남,1834,1273,74.1
명지전문대학,서울,2797,1491,63.2
목포과학대학교,전남,737,431,69.1
문경대학교,경북,274,204,80.3
배화여자대학교,서울,1189,665,62.7
백제예술대학교,전북,542,216,51.3
부산경상대학교,부산,876,488,69.1
부산여자대학교,부산,942,553,66.1
부산과학기술대학교,부산,1601,830,66.2
부천대학교,경기,3211,2021,72.2
삼육보건대학교,서울,459,330,77.5
상지영서대학교,강원,871,475,68.5
서영대학교,광주,2135,1412,75.0
서울여자간호대학교,서울,244,204,84.0
서울예술대학교,경기,1034,605,66.3
서일대학교,서울,2276,1314,67.9
성운대학교,경북,749,451,74.2
수원여자대학교,경기,1547,998,69.1
수원과학대학교,경기,2257,1364,68.4
순천제일대학교,전남,971,591,68.8
청암대학교,전남,888,531,65.2
숭의여자대학교,서울,1471,918,69.2
신구대학교,경기,2497,1692,74.7
신성대학교,충남,1454,982,74.7
안동과학대학교,경북,958,643,75.9
신안산대학교,경기,1726,955,64.9
안산대학교,경기,1514,986,72.2
연성대학교,경기,2276,1373,69.1
동원과학기술대학교,경남,858,520,72.9
여주대학교,경기,2000,1237,71.3
연암공과대학교,경남,444,342,79.4
연암대학교,충남,489,327,76.8
영남이공대학교,대구,2362,1444,69.7
강릉영동대학교,강원,928,585,70.6
세경대학교,강원,421,232,69.7
영진전문대학교,대구,3263,2159,75.2
오산대학교,경기,2120,1278,71.2
용인예술과학대학교,경기,1463,834,65.4
울산과학대학교,울산,1941,1302,74.1
한국영상대학교,세종,1271,734,72.6
원광보건대학교,전북,1647,1041,73.9
유한대학교,경기,1954,1249,72.3
인덕대학교,서울,2390,1310,64.0
인하공업전문대학,인천,2805,1788,71.4
장안대학교,경기,2205,1237,64.9
전남과학대학교,전남,1485,918,76.6
전주비전대학교,전북,1411,856,74.8
전북과학대학교,전북,621,403,76.8
제주관광대학교,제주,677,415,72.8
조선이공대학교,광주,1424,835,69.1
조선간호대학교,광주,207,174,84.9
충북보건과학대학교,충북,1047,696,76.4
진주보건대학교,경남,867,578,71.8
창원문성대학교,경남,1119,682,68.6
백석문화대학교,충남,1990,1129,70.0
청강문화산업대학교,경기,1281,741,66.6
춘해보건대학교,울산,863,666,81.7
대덕대학교,대전,1673,918,70.2
충청대학교,충북,1578,940,69.4
강원관광대학교,강원,434,277,68.2
국제대학교,경기,1419,774,67.0
선린대학교,경북,822,542,72.9
포항대학교,경북,683,421,70.4
제주한라대학교,제주,1676,927,69.7
한림성심대학교,강원,1096,621,71.5
한양여자대학교,서울,2361,1372,67.0
한영대학교,전남,553,395,75.2
혜전대학교,충남,1063,709,74.2
경기과학기술대학교,경기,1843,1198,74.0
부산예술대학교,부산,278,84,42.9
전남도립대학교,전남,518,277,68.2
송호대학교,강원,278,186,77.2
한국관광대학교,경기,814,471,66.6
서정대학교,경기,1915,1163,70.8
송곡대학교,강원,163,107,72.8
웅지세무대학교,경기,387,175,46.7
김해대학교,경남,457,285,71.8
한국승강기대학교,경남,315,244,84.4
순복음총회신학교,충북,36,11,52.4
한국과학기술원,대전,707,188,68.9
한국과학기술원 일반대학원,대전,1313,794,92.8
한국과학기술원 일반대학원,대전,668,567,88.7
광주과학기술원,광주,148,27,61.4
광주과학기술원 일반대학원,광주,176,92,87.6
광주과학기술원 일반대학원,광주,128,95,84.1
대구경북과학기술원,대구,124,11,39.3
대구경북과학기술원 일반대학원,대구,85,36,76.6
대구경북과학기술원 일반대학원,대구,56,45,90.0
한국예술종합학교,서울,513,272,62.0
한국전통문화대학교,충남,126,60,60.6
한국전통문화대학교 일반대학원,충남,14,8,72.7
한국전통문화대학교 일반대학원,충남,5,3,60.0
한국농수산대학,전북,587,241,66.9
한국골프대학교,강원,126,71,67.6
한국학대학원,경기,76,22,78.6
한국학대학원,경기,33,16,66.7
ICT폴리텍대학,경기,131,77,71.3
한국폴리텍대학 서울정수캠퍼스,서울,657,442,76.6
한국폴리텍대학 서울강서캠퍼스,서울,215,152,80.9
한국폴리텍 I 대학 성남캠퍼스,경기,407,284,76.5
한국폴리텍 I 대학 제주캠퍼스,제주,15,12,85.7
한국폴리텍대학 인천캠퍼스,인천,1031,709,76.5
한국폴리텍특성화대학 반도체융합캠퍼스,경기,287,201,77.6
한국폴리텍 III 대학 춘천캠퍼스,강원,119,84,80.0
한국폴리텍 III 대학 강릉캠퍼스,강원,51,35,76.1
한국폴리텍 III 대학 원주캠퍼스,강원,21,11,73.3
한국폴리텍 IV 대학 대전캠퍼스,대전,411,297,78.8
한국폴리텍IV 대학 청주캠퍼스,충북,336,230,72.3
한국폴리텍 IV 대학 아산캠퍼스,충남,243,174,78.7
한국폴리텍 IV 대학 홍성캠퍼스,충남,112,79,74.5
한국폴리텍V대학 광주캠퍼스,광주,389,301,82.7
한국폴리텍 V 대학 전북캠퍼스,전북,223,149,72.0
한국폴리텍V대학 전남캠퍼스,전남,112,78,79.6
한국폴리텍대학 익산캠퍼스,전북,61,51,91.1
한국폴리텍 V 대학 순천캠퍼스,전남,11,0,0.0
한국폴리텍대학 대구캠퍼스,대구,326,222,74.0
한국폴리텍대학 구미캠퍼스,경북,245,170,75.6
한국폴리텍 Ⅵ 대학 영주캠퍼스,경북,26,15,71.4
한국폴리텍대학 창원캠퍼스,경남,683,548,82.5
한국폴리텍Ⅶ대학 부산캠퍼스,부산,362,245,72.9
한국폴리텍 VII 대학 울산캠퍼스,울산,316,263,85.4
한국폴리텍대학바이오캠퍼스,충남,180,156,87.2
한국폴리텍대학 영남융합기술캠퍼스,대구,97,62,87.3
한국폴리텍대학 항공캠퍼스,경남,251,157,74.1
