학교명,시도,졸업자_계,취업자_합계_계,취업률_계
가톨릭상지대학교,경북,638,464,80.4
강동대학교,충북,1154,762,73.0
강릉영동대학교,강원,818,542,74.0
강원관광대학교,강원,101,75,74.3
강원도립대학교,강원,185,108,69.7
거제대학교,경남,340,229,78.7
경기과학기술대학교,경기,1829,1117,71.5
경남도립거창대학,경남,322,198,73.6
경남도립남해대학,경남,370,232,72.5
경남정보대학교,부산,2380,1524,73.6
경민대학교,경기,1518,855,70.0
경복대학교,경기,2109,1481,80.6
경북과학대학교,경북,715,320,75.1
경북도립대학교,경북,287,177,73.8
경북보건대학교,경북,336,260,79.5
경북전문대학교,경북,1029,716,81.5
경인여자대학교,인천,1752,1003,68.7
계명문화대학교,대구,1874,879,62.1
계원예술대학교,경기,1085,554,62.2
고구려대학교,전남,589,403,74.5
광양보건대학교,전남,68,43,68.3
광주보건대학교,광주,1249,859,75.0
구미대학교,경북,1978,1421,78.7
국제대학교,경기,1182,603,66.3
군산간호대학교,전북,271,225,83.6
군장대학교,전북,752,416,73.0
기독간호대학교,광주,149,109,73.6
김포대학교,경기,1163,627,64.1
김해대학교,경남,385,278,81.3
농협대학교,경기,172,159,93.5
대경대학교,경북,1391,847,74.4
대구공업대학교,대구,783,310,67.8
대구과학대학교,대구,1434,931,73.8
대구보건대학교,대구,2345,1635,76.8
대덕대학교,대전,1138,661,72.1
대동대학교,부산,459,318,74.0
대림대학교,경기,2501,1784,80.5
대원대학교,충북,789,509,76.4
대전과학기술대학교,대전,1384,858,74.6
대전보건대학교,대전,1832,1226,76.1
동강대학교,광주,952,589,73.5
동남보건대학교,경기,1496,1055,75.8
동서울대학교,경기,2230,1213,68.2
동아방송예술대학교,경기,991,610,72.3
동아보건대학교,전남,459,302,72.8
동양미래대학교,서울,2409,1411,67.5
동원과학기술대학교,경남,893,557,76.7
동원대학교,경기,1193,720,70.6
동의과학대학교,부산,1704,1055,73.1
두원공과대학교,경기,1228,788,70.2
마산대학교,경남,1804,1251,76.7
명지전문대학,서울,2685,1448,64.6
목포과학대학교,전남,811,530,73.5
문경대학교,경북,231,164,76.6
배화여자대학교,서울,1207,729,68.4
백석문화대학교,충남,1611,1031,74.8
백제예술대학교,전북,482,224,55.4
부산경상대학교,부산,924,489,65.3
부산과학기술대학교,부산,1192,683,69.1
부산보건대학교,부산,856,543,73.5
부산여자대학교,부산,856,499,66.0
부산예술대학교,부산,287,84,38.2
부천대학교,경기,3093,1955,73.2
삼육보건대학교,서울,474,348,80.4
상지영서대학교,강원,43,22,55.0
서라벌대학교,경북,188,140,77.3
서영대학교,광주,1946,1340,76.4
서울여자간호대학교,서울,252,203,80.9
서울예술대학교,경기,1025,649,70.2
서일대학교,서울,2046,1191,69.4
서정대학교,경기,2712,1323,76.5
선린대학교,경북,737,535,77.2
성운대학교,경북,635,441,75.9
세경대학교,강원,387,255,78.9
송곡대학교,강원,205,149,80.1
송호대학교,강원,254,169,74.1
수성대학교,대구,1209,731,74.0
수원과학대학교,경기,1768,1075,66.3
수원여자대학교,경기,1391,876,71.0
순천제일대학교,전남,1081,720,73.5
숭의여자대학교,서울,1398,837,68.2
신구대학교,경기,2520,1681,73.9
신성대학교,충남,1270,855,74.0
신안산대학교,경기,1342,741,63.4
아주자동차대학교,충남,344,217,73.1
안동과학대학교,경북,803,573,78.6
안산대학교,경기,1458,956,73.4
여주대학교,경기,1592,1096,77.3
연성대학교,경기,2270,1427,72.6
연암공과대학교,경남,477,372,80.5
연암대학교,충남,487,337,80.2
영남외국어대학,경북,139,90,75.0
영남이공대학교,대구,2073,1304,74.7
영진전문대학교,대구,2972,2013,77.8
오산대학교,경기,1703,1071,73.0
용인예술과학대학교,경기,1251,708,65.7
우송정보대학,대전,1514,829,69.2
울산과학대학교,울산,1738,1165,76.4
웅지세무대학교,경기,272,112,43.6
원광보건대학교,전북,1498,990,75.2
유한대학교,경기,1898,1180,71.8
인덕대학교,서울,2095,1225,66.6
인천재능대학교,인천,1454,941,72.4
인하공업전문대학,인천,2945,1808,69.2
장안대학교,경기,1622,934,65.6
전남과학대학교,전남,1311,917,80.6
전남도립대학교,전남,493,298,69.5
전북과학대학교,전북,671,415,78.2
전주기전대학,전북,525,264,65.7
전주비전대학교,전북,1402,847,76.8
제주관광대학교,제주,566,362,77.0
제주한라대학교,제주,1664,889,73.1
조선간호대학교,광주,173,130,75.6
조선이공대학교,광주,1440,845,69.1
진주보건대학교,경남,747,545,76.5
창원문성대학교,경남,649,386,66.3
청강문화산업대학교,경기,1200,680,65.3
청암대학교,전남,814,509,66.5
춘해보건대학교,울산,837,645,83.3
충남도립대학교,충남,340,221,73.4
충북도립대학교,충북,352,216,72.2
충북보건과학대학교,충북,918,618,76.0
충청대학교,충북,1397,769,69.0
포항대학교,경북,547,357,71.5
한국골프대학교,강원,143,79,65.8
한국관광대학교,경기,759,491,71.2
한국농수산대학교,전북,571,155,41.6
한국복지대학교,경기,222,114,74.0
한국승강기대학교,경남,300,222,80.1
한국영상대학교,세종,1104,639,74.1
한림성심대학교,강원,1020,598,73.7
한양여자대학교,서울,2608,1488,66.2
한영대학교,전남,512,340,73.3
혜전대학교,충남,755,530,76.6
호산대학교,경북,632,385,71.7
경인교육대학교,경기,618,369,62.0
공주교육대학교,충남,344,191,57.9
광주교육대학교,광주,316,179,60.3
대구교육대학교,대구,376,231,62.8
부산교육대학교,부산,369,199,56.4
서울교육대학교,서울,354,220,64.5
전주교육대학교,전북,273,145,56.6
진주교육대학교,경남,323,181,58.6
청주교육대학교,충북,281,134,49.4
춘천교육대학교,강원,321,189,62.2
가야대학교,경남,523,387,76.2
가천대학교,경기,3846,2328,69.6
가톨릭관동대학교,강원,1768,1053,64.6
가톨릭꽃동네대학교,충북,92,67,74.4
가톨릭대학교,경기,1501,811,63.3
가톨릭대학교,서울,178,148,88.1
가톨릭대학교,서울,39,0,0.0
감리교신학대학교,서울,159,0,0.0
강남대학교,경기,1532,911,62.2
강릉원주대학교,강원,1181,648,62.0
강릉원주대학교,강원,456,274,62.6
강서대학교,서울,251,142,63.7
강원대학교,강원,2930,1412,57.6
강원대학교,강원,1244,745,64.3
건국대학교,서울,3412,1889,69.2
건국대학교,충북,1610,985,67.8
건양대학교,충남,660,428,70.3
건양대학교,대전,815,612,80.2
경기대학교,경기,2690,1541,62.8
경기대학교,서울,437,207,64.9
경남과학기술대학교,경남,1046,555,57.0
경남대학교,경남,2707,1504,61.2
경동대학교,강원,141,69,85.2
경동대학교,강원,920,748,82.8
경동대학교,경기,606,418,74.8
경북대학교,대구,4738,2411,60.1
경상국립대학교,경남,3026,1338,52.1
경성대학교,부산,2698,1322,56.6
경운대학교,경북,972,702,76.4
경일대학교,경북,1469,900,65.0
경주대학교,경북,196,85,61.2
경희대학교,서울,6247,3295,68.1
계명대학교,대구,4829,2409,56.3
고려대학교,서울,4391,2090,70.4
고려대학교 세종캠퍼스,세종,1450,762,63.6
고신대학교,부산,743,413,72.6
공주대학교,충남,2879,1531,59.1
광신대학교,광주,110,36,64.3
광운대학교,서울,1913,1005,65.3
광주가톨릭대학교,전남,16,0,0.0
광주과학기술원,광주,139,20,58.8
광주대학교,광주,1463,871,64.4
광주여자대학교,광주,938,546,61.3
국민대학교,서울,3518,1955,68.0
군산대학교,전북,1451,791,60.2
극동대학교,충북,834,519,66.3
금강대학교,충남,79,29,45.3
금오공과대학교,경북,1250,742,67.6
김천대학교,경북,621,398,71.5
나사렛대학교,충남,1101,640,63.2
남부대학교,광주,772,486,71.5
남서울대학교,충남,2168,1288,64.7
단국대학교,경기,2786,1542,62.5
단국대학교,충남,2582,1497,64.7
대구가톨릭대학교,경북,2448,1333,60.5
대구경북과학기술원,대구,163,33,54.1
대구대학교,경북,3857,1918,54.0
대구예술대학교,경북,199,90,48.9
대구한의대학교,경북,1477,905,65.9
대신대학교,경북,98,21,44.7
대전가톨릭대학교,세종,5,0,0.0
대전대학교,대전,1899,1146,64.6
대전신학대학교,대전,16,0,0.0
대진대학교,경기,1556,974,67.6
덕성여자대학교,서울,1411,788,60.3
동국대학교,서울,3488,1892,67.0
동국대학교,경북,1634,896,62.4
동덕여자대학교,서울,1564,951,65.1
동명대학교,부산,1637,894,61.2
동서대학교,부산,2173,1251,61.9
동신대학교,전남,1542,965,69.2
동아대학교,부산,4178,2304,60.0
동양대학교,경북,733,469,66.7
동의대학교,부산,3406,1971,61.3
루터대학교,경기,78,36,63.2
명지대학교 인문캠퍼스,서울,1992,1140,65.6
명지대학교 자연캠퍼스,경기,1571,944,70.1
목원대학교,대전,1469,770,60.1
목포가톨릭대학교,전남,116,87,78.4
목포대학교,전남,1433,860,65.8
목포해양대학교,전남,510,392,86.2
배재대학교,대전,1592,887,60.3
백석대학교,충남,2817,1726,66.9
부경대학교,부산,3451,1676,56.6
부산가톨릭대학교,부산,945,638,70.9
부산대학교,부산,4278,2136,59.8
부산외국어대학교,부산,1546,805,58.8
부산장신대학교,경남,50,16,57.1
삼육대학교,서울,1286,809,69.1
상명대학교,서울,1462,745,62.7
상명대학교,충남,1369,801,63.1
상지대학교,강원,1242,759,65.2
서강대학교,서울,1886,915,71.3
서경대학교,서울,1362,854,73.4
서울과학기술대학교,서울,2163,1253,67.2
서울기독대학교,서울,95,43,58.9
서울대학교,서울,3113,1463,71.3
서울시립대학교,서울,1951,1139,67.2
서울신학대학교,경기,496,225,64.7
서울여자대학교,서울,1516,842,63.7
서울장신대학교,경기,110,26,56.5
서울한영대학교,서울,143,67,56.8
서원대학교,충북,1483,849,60.1
선문대학교,충남,1928,1150,70.7
성결대학교,경기,1118,643,66.4
성공회대학교,서울,382,216,58.5
성균관대학교,서울,4122,2231,73.8
성신여자대학교,서울,1979,1085,60.9
세명대학교,충북,1609,969,64.8
세종대학교,서울,2698,1464,65.3
세한대학교,전남,760,456,66.4
송원대학교,광주,670,419,70.7
수원가톨릭대학교,경기,27,0,0.0
수원대학교,경기,1785,1028,62.9
숙명여자대학교,서울,2180,1231,64.6
순천대학교,전남,1407,764,59.9
순천향대학교,충남,2575,1441,65.9
숭실대학교,서울,3087,1826,70.9
신라대학교,부산,1778,967,59.4
신한대학교,경기,324,215,68.3
신한대학교,경기,1283,760,68.5
아신대학교,경기,125,0,0.0
아주대학교,경기,2286,1361,70.4
안동대학교,경북,1287,657,56.1
안양대학교,경기,958,565,65.5
안양대학교,인천,50,25,51.0
연세대학교,서울,4030,2055,71.6
연세대학교 미래캠퍼스,강원,1732,1028,69.4
영남대학교,경북,4857,2340,54.0
영남신학대학교,경북,104,12,52.2
영산대학교,경남,577,379,70.6
영산대학교,부산,762,423,65.2
영산선학대학교,전남,7,0,0.0
예수대학교,전북,146,105,72.9
예원예술대학교,전북,196,79,62.7
예원예술대학교,경기,74,44,62.9
용인대학교,경기,1339,867,69.7
우석대학교,전북,1504,877,69.9
우송대학교,대전,1942,1081,68.7
울산과학기술원,울산,498,172,66.7
울산대학교,울산,2805,1469,57.9
원광대학교,전북,3132,1774,62.6
위덕대학교,경북,601,331,63.3
유원대학교,충북,799,491,66.0
을지대학교,대전,51,45,100.0
을지대학교,경기,838,630,79.0
을지대학교,경기,105,86,82.7
이화여자대학교,서울,3403,1760,66.0
인제대학교,경남,1960,1164,65.7
인천가톨릭대학교,인천,12,0,0.0
인천가톨릭대학교,인천,167,104,67.5
인천대학교,인천,2826,1660,65.0
인하대학교,인천,3911,2278,71.5
장로회신학대학교,서울,169,0,0.0
전남대학교,광주,3672,1808,58.3
전남대학교,전남,532,277,60.0
전북대학교,전북,4070,2160,62.8
전주대학교,전북,2390,1264,61.3
제주국제대학교,제주,162,102,71.3
제주대학교,제주,1911,1083,64.5
조선대학교,광주,4167,2192,57.8
중부대학교,충남,1644,959,64.6
중앙대학교,서울,4144,2365,71.5
중앙대학교,경기,1075,529,64.9
중앙승가대학교,경기,40,0,0.0
중원대학교,충북,785,519,70.5
차의과학대학교,경기,460,294,74.4
창신대학교,경남,425,283,69.2
창원대학교,경남,1719,902,57.6
청주대학교,충북,2556,1529,64.5
초당대학교,전남,711,457,72.3
총신대학교,서울,401,145,60.7
추계예술대학교,서울,262,139,62.1
충남대학교,대전,3474,1830,64.1
충북대학교,충북,2987,1530,59.7
칼빈대학교,경기,84,16,72.7
평택대학교,경기,847,411,59.8
포항공과대학교,경북,256,75,75.8
한경국립대학교,경기,1117,696,67.7
한국공학대학교,경기,1504,902,66.6
한국과학기술원,대전,709,187,70.3
한국교원대학교,충북,574,328,59.3
한국교통대학교,충북,1874,1125,65.0
한국국제대학교,경남,322,195,63.9
한국기술교육대학교,충남,868,637,79.8
한국성서대학교,서울,213,126,67.4
한국외국어대학교,서울,3889,2072,65.2
한국전통문화대학교,충남,134,63,63.0
한국체육대학교,서울,547,379,78.6
한국침례신학대학교,대전,269,83,53.9
한국항공대학교,경기,888,517,70.4
한국해양대학교,부산,1419,939,73.4
한남대학교,대전,2234,1300,64.3
한동대학교,경북,771,404,67.6
한라대학교,강원,760,469,64.2
한림대학교,강원,1669,955,64.1
한밭대학교,대전,1891,1105,63.1
한서대학교,충남,1410,897,69.6
한성대학교,서울,1548,941,66.8
한세대학교,경기,536,350,73.5
한신대학교,경기,1067,577,59.8
한양대학교,서울,3559,1829,71.8
한양대학교,경기,2223,1163,67.3
한일장신대학교,전북,244,102,69.9
협성대학교,경기,931,494,61.8
호남대학교,광주,1892,927,65.3
호남신학대학교,광주,120,31,49.2
호서대학교,충남,2709,1626,65.7
홍익대학교,서울,2888,1638,65.5
홍익대학교 세종캠퍼스,세종,1313,785,63.7
화성의과학대학교,경기,119,81,71.1
한국방송통신대학교,서울,27027,18966,74.3
청운대학교,충남,1453,961,69.2
호원대학교,전북,1317,915,75.0
정석대학,서울,26,26,100.0
순복음총회신학교,충북,31,5,45.5
한국예술종합학교,서울,496,266,61.4
가야대학교일반대학원,경남,2,0,0.0
가야대학교일반대학원,경남,6,1,100.0
가천대학교 일반대학원,경기,382,118,79.7
가천대학교 일반대학원,경기,180,87,91.6
가톨릭관동대학교 일반대학원,강원,26,16,88.9
가톨릭관동대학교 일반대학원,강원,24,19,86.4
가톨릭대학교 일반대학원,서울,67,50,76.9
가톨릭대학교 일반대학원,서울,126,117,96.7
가톨릭대학교 일반대학원,서울,30,26,92.9
가톨릭대학교 일반대학원,서울,1,1,100.0
가톨릭대학교대학원,경기,110,67,74.4
가톨릭대학교대학원,경기,38,33,89.2
감리교신학대학교대학원,서울,44,0,0.0
감리교신학대학교대학원,서울,12,0,0.0
강남대학교대학원,경기,28,9,90.0
강남대학교대학원,경기,17,12,70.6
강릉원주대학교대학원,강원,82,49,84.5
강릉원주대학교대학원,강원,33,17,89.5
강릉원주대학교대학원,강원,14,11,91.7
강릉원주대학교대학원,강원,2,2,100.0
강서대학교 일반대학원,서울,57,0,0.0
강서대학교 일반대학원,서울,4,1,100.0
강원대학교일반대학원,강원,466,222,77.4
강원대학교일반대학원,강원,164,108,87.1
건국대학교 일반대학원,충북,48,31,81.6
건국대학교 일반대학원,충북,23,14,77.8
건국대학교일반대학원,서울,554,310,81.4
건국대학교일반대학원,서울,188,129,81.6
건양대학교 일반대학원,대전,65,56,90.3
건양대학교 일반대학원,대전,25,22,88.0
경기대학교 일반대학원,서울,140,80,75.5
경기대학교 일반대학원,서울,137,87,89.7
경남과학기술대학교 대학원,경남,85,58,82.9
경남과학기술대학교 대학원,경남,18,12,75.0
경남대학교대학원,경남,130,84,86.6
경남대학교대학원,경남,80,33,80.5
경북대학교 일반대학원,대구,890,470,80.1
경북대학교 일반대학원,대구,283,194,85.5
경상국립대학교 대학원,경남,377,262,87.0
경상국립대학교 대학원,경남,150,96,79.3
경성대학교 일반대학원,부산,112,61,85.9
경성대학교 일반대학원,부산,59,20,69.0
경운대학교 일반대학원,경북,25,24,96.0
경운대학교 일반대학원,경북,4,2,50.0
경일대학교 일반대학원,경북,50,33,91.7
경일대학교 일반대학원,경북,50,19,76.0
경주대학교일반대학원,경북,7,3,50.0
경주대학교일반대학원,경북,6,3,60.0
경희대학교대학원,서울,1011,461,76.6
경희대학교대학원,서울,360,244,87.1
계명대학교 대학원,대구,313,180,77.3
계명대학교 대학원,대구,187,73,89.0
고려대학교 대학원,서울,1251,814,80.3
고려대학교 대학원,서울,593,427,77.9
고려대학교 일반대학원,세종,137,97,85.8
고려대학교 일반대학원,세종,62,46,80.7
고신대학교 대학원,부산,47,35,94.6
고신대학교 대학원,부산,26,17,94.4
공주대학교대학원,충남,308,202,87.4
공주대학교대학원,충남,128,90,85.7
광신대학교대학원,광주,11,4,80.0
광신대학교대학원,광주,33,23,85.2
광운대학교대학원,서울,133,102,90.3
광운대학교대학원,서울,105,83,90.2
광주가톨릭대학교대학원,전남,10,0,0.0
광주과학기술원 일반대학원,광주,174,88,80.7
광주과학기술원 일반대학원,광주,128,102,86.4
광주대학교 일반대학원,광주,69,54,91.5
광주대학교 일반대학원,광주,31,22,84.6
광주여자대학교 일반대학원,광주,18,12,92.3
광주여자대학교 일반대학원,광주,17,9,81.8
국민대학교대학원,서울,302,140,77.3
국민대학교대학원,서울,100,58,85.3
군산대학교대학원,전북,107,77,93.9
군산대학교대학원,전북,88,18,81.8
극동대학교일반대학원,충북,2,2,100.0
극동대학교일반대학원,충북,6,6,100.0
금강대학교 일반대학원,충남,4,0,0.0
금강대학교 일반대학원,충남,1,0,0.0
금오공과대학교대학원,경북,117,72,80.9
금오공과대학교대학원,경북,38,27,93.1
김천대학교 일반대학원,경북,9,8,100.0
나사렛대학교 일반대학원,충남,23,17,81.0
나사렛대학교 일반대학원,충남,13,7,63.6
남부대학교 일반대학원,광주,34,29,96.7
남부대학교 일반대학원,광주,18,15,83.3
남서울대학교 일반대학원,충남,37,22,81.5
남서울대학교 일반대학원,충남,57,12,70.6
단국대학교 일반대학원,경기,290,124,78.0
단국대학교 일반대학원,경기,174,88,79.3
단국대학교 일반대학원,충남,154,113,82.5
단국대학교 일반대학원,충남,62,53,91.4
대구가톨릭대학교대학원,경북,190,115,83.9
대구가톨릭대학교대학원,경북,55,32,69.6
대구경북과학기술원 일반대학원,대구,113,62,80.5
대구경북과학기술원 일반대학원,대구,50,36,83.7
대구대학교대학원,경북,175,107,77.5
대구대학교대학원,경북,67,39,86.7
대구한의대학교 대학원,경북,64,48,87.3
대구한의대학교 대학원,경북,45,30,69.8
대신대학교 대학원,경북,5,2,66.7
대신대학교 대학원,경북,2,2,100.0
대전가톨릭대학교 대학원,세종,5,0,0.0
대전대학교 일반대학원,대전,85,68,97.1
대전대학교 일반대학원,대전,79,62,96.9
대전신학대학교 일반대학원,대전,5,0,0.0
대진대학교 대학원,경기,44,27,100.0
대진대학교 대학원,경기,69,13,92.9
덕성여자대학교 대학원,서울,34,20,66.7
덕성여자대학교 대학원,서울,16,11,78.6
동국대학교 대학원,서울,522,243,85.0
동국대학교 대학원,서울,226,123,77.4
동국대학교 일반대학원,경북,36,12,63.2
동국대학교 일반대학원,경북,21,10,62.5
동덕여자대학교일반대학원,서울,31,23,76.7
동덕여자대학교일반대학원,서울,15,12,100.0
동명대학교 일반대학원,부산,50,14,87.5
동명대학교 일반대학원,부산,49,10,76.9
동서대학교일반대학원,부산,71,18,81.8
동서대학교일반대학원,부산,40,3,100.0
동신대학교대학원,전남,99,59,90.8
동신대학교대학원,전남,21,18,94.7
동아대학교 대학원,부산,259,153,83.2
동아대학교 대학원,부산,102,52,78.8
동양대학교일반대학원,경북,26,17,85.0
동양대학교일반대학원,경북,28,26,96.3
동의대학교대학원,부산,150,106,81.5
동의대학교대학원,부산,83,54,94.7
명지대학교 대학원,경기,234,130,81.3
명지대학교 대학원,경기,104,56,83.6
목원대학교일반대학원,대전,65,30,65.2
목원대학교일반대학원,대전,114,14,87.5
목포대학교대학원,전남,76,52,86.7
목포대학교대학원,전남,47,30,78.9
목포해양대학교대학원,전남,13,8,100.0
목포해양대학교대학원,전남,14,11,91.7
배재대학교대학원,대전,92,48,87.3
배재대학교대학원,대전,104,29,90.6
부경대학교대학원,부산,357,188,80.7
부경대학교대학원,부산,168,95,88.0
부산가톨릭대학교대학원,부산,43,33,91.7
부산가톨릭대학교대학원,부산,9,9,100.0
부산대학교 일반대학원,부산,1039,630,82.8
부산대학교 일반대학원,부산,361,253,86.6
부산외국어대학교대학원,부산,51,13,76.5
부산외국어대학교대학원,부산,26,9,69.2
부산장신대학교일반대학원,경남,5,1,25.0
부산장신대학교일반대학원,경남,2,1,50.0
삼육대학교 대학원,서울,81,64,86.5
삼육대학교 대학원,서울,44,14,93.3
상명대학교 대학원,서울,118,59,67.8
상명대학교 대학원,서울,198,45,80.4
상명대학교 대학원,충남,27,15,88.2
상명대학교 대학원,충남,73,4,66.7
상지대학교대학원,강원,24,21,95.5
상지대학교대학원,강원,25,21,87.5
서강대학교대학원,서울,333,219,83.9
서강대학교대학원,서울,92,54,75.0
서경대학교 일반대학원,서울,69,31,73.8
서경대학교 일반대학원,서울,29,19,70.4
서울과학기술대학교 일반대학원,서울,291,151,75.5
서울과학기술대학교 일반대학원,서울,61,46,90.2
서울기독대학교 대학원,서울,23,9,69.2
서울기독대학교 대학원,서울,17,5,71.4
서울대학교 대학원,서울,1670,934,76.3
서울대학교 대학원,서울,1426,966,73.7
서울시립대학교대학원,서울,331,196,79.4
서울시립대학교대학원,서울,106,80,81.6
서울신학대학교대학원,경기,26,7,87.5
서울신학대학교대학원,경기,9,2,100.0
서울여자대학교 대학원,서울,54,34,68.0
서울여자대학교 대학원,서울,10,8,88.9
서울장신대학교 일반대학원,경기,8,0,0.0
서울장신대학교 일반대학원,경기,5,0,0.0
서울한영대학교 일반대학원,서울,6,0,0.0
서울한영대학교 일반대학원,서울,26,12,75.0
선문대학교대학원,충남,50,20,83.3
선문대학교대학원,충남,37,27,84.4
성결대학교일반대학원,경기,18,12,80.0
성공회대학교대학원,서울,13,4,66.7
성공회대학교대학원,서울,14,11,84.6
성균관대학교 일반대학원,서울,1688,964,83.2
성균관대학교 일반대학원,서울,580,380,81.2
성신여자대학교대학원,서울,136,70,63.1
성신여자대학교대학원,서울,35,19,67.9
세명대학교일반대학원,충북,46,24,77.4
세명대학교일반대학원,충북,13,10,83.3
세종대학교일반대학원,서울,471,199,80.6
세종대학교일반대학원,서울,191,75,85.2
세한대학교일반대학원,전남,28,14,73.7
세한대학교일반대학원,전남,96,2,100.0
수원가톨릭대학교대학원,경기,13,0,0.0
수원대학교일반대학원,경기,48,29,76.3
수원대학교일반대학원,경기,55,34,89.5
숙명여자대학교 일반대학원,서울,235,142,70.0
숙명여자대학교 일반대학원,서울,70,48,77.4
순천대학교일반대학원,전남,123,77,88.5
순천대학교일반대학원,전남,56,37,78.7
순천향대학교대학원,충남,154,77,71.3
순천향대학교대학원,충남,52,31,83.8
숭실대학교 대학원,서울,277,158,81.9
숭실대학교 대학원,서울,190,149,85.6
신라대학교 대학원,부산,98,24,72.7
신라대학교 대학원,부산,26,9,69.2
신한대학교 일반대학원,경기,73,61,96.8
신한대학교 일반대학원,경기,36,29,93.5
아신대학교 대학원,경기,22,0,0.0
아신대학교 대학원,경기,7,0,0.0
아주대학교대학원,경기,336,265,87.5
아주대학교대학원,경기,129,94,86.2
안동대학교대학원,경북,103,64,80.0
안동대학교대학원,경북,25,16,94.1
안양대학교대학원,경기,11,5,71.4
안양대학교대학원,경기,24,13,92.9
연세대학교 대학원,서울,1270,787,78.8
연세대학교 대학원,서울,704,561,87.5
연세대학교 일반대학원,강원,129,92,83.6
연세대학교 일반대학원,강원,64,48,87.3
영남대학교 일반대학원,경북,312,157,74.8
영남대학교 일반대학원,경북,168,89,83.2
영남신학대학교대학원,경북,11,0,0.0
영산대학교 일반대학원,경남,6,4,66.7
영산대학교 일반대학원,부산,16,10,83.3
예수대학교 일반대학원,전북,5,4,80.0
용인대학교일반대학원,경기,21,17,94.4
용인대학교일반대학원,경기,42,23,85.2
우석대학교 일반대학원,전북,102,40,76.9
우석대학교 일반대학원,전북,150,19,90.5
우송대학교 일반대학원,대전,35,5,83.3
우송대학교 일반대학원,대전,43,8,100.0
울산과학기술원 일반대학원,울산,243,165,82.5
울산과학기술원 일반대학원,울산,216,164,83.7
울산대학교 대학원,울산,277,178,81.3
울산대학교 대학원,울산,145,87,97.8
원광대학교 대학원,전북,144,96,87.3
원광대학교 대학원,전북,113,71,86.6
위덕대학교 대학원,경북,16,9,81.8
위덕대학교 대학원,경북,8,3,100.0
을지대학교 일반대학원,경기,50,42,95.5
을지대학교 일반대학원,경기,25,21,87.5
이화여자대학교 대학원,서울,924,532,72.5
이화여자대학교 대학원,서울,222,149,72.0
인제대학교 일반대학원,경남,180,111,80.4
인제대학교 일반대학원,경남,72,48,87.3
인천가톨릭대학교 일반대학원,인천,23,15,65.2
인천가톨릭대학교대학원,인천,5,0,0.0
인천대학교대학원,인천,155,81,69.8
인천대학교대학원,인천,62,39,83.0
인하대학교대학원,인천,502,330,83.1
인하대학교대학원,인천,174,121,88.3
장로회신학대학교 일반대학원,서울,74,2,33.3
장로회신학대학교 일반대학원,서울,16,0,0.0
전남대학교대학원,광주,593,337,83.4
전남대학교대학원,광주,292,153,84.5
전북대학교 대학원,전북,579,289,81.6
전북대학교 대학원,전북,273,145,83.8
전주대학교 일반대학원,전북,111,29,80.6
전주대학교 일반대학원,전북,123,32,82.1
제주국제대학교 일반대학원,제주,2,1,100.0
제주대학교대학원,제주,159,84,82.4
제주대학교대학원,제주,104,58,81.7
조선대학교대학원,광주,227,142,83.0
조선대학교대학원,광주,161,89,87.3
중부대학교일반대학원,충남,80,62,91.2
중부대학교일반대학원,충남,78,71,92.2
중앙대학교 대학원,서울,894,433,79.0
중앙대학교 대학원,서울,221,127,68.3
중앙대학교 대학원,경기,79,51,87.9
중앙대학교 대학원,경기,13,7,70.0
중앙승가대학교대학원,경기,12,0,0.0
중앙승가대학교대학원,경기,4,0,0.0
중원대학교 일반대학원,충북,8,5,71.4
중원대학교 일반대학원,충북,9,5,83.3
차의과학대학교 대학원,경기,53,31,75.6
차의과학대학교 대학원,경기,51,42,85.7
창신대학교 대학원,경남,13,11,100.0
창신대학교 대학원,경남,5,5,100.0
창원대학교 대학원,경남,203,128,82.6
창원대학교 대학원,경남,69,44,88.0
청주대학교일반대학원,충북,116,55,94.8
청주대학교일반대학원,충북,83,20,90.9
초당대학교 일반대학원,전남,20,18,90.0
초당대학교 일반대학원,전남,13,8,88.9
총신대학교일반대학원,서울,16,5,83.3
총신대학교일반대학원,서울,16,2,100.0
추계예술대학교 일반대학원,서울,21,9,56.3
추계예술대학교 일반대학원,서울,16,2,100.0
충남대학교대학원,대전,642,439,87.6
충남대학교대학원,대전,247,191,91.8
충북대학교 대학원,충북,662,420,85.2
충북대학교 대학원,충북,171,121,92.4
칼빈대학교대학원,경기,22,16,72.7
칼빈대학교대학원,경기,59,46,92.0
평택대학교 일반대학원,경기,20,13,72.2
평택대학교 일반대학원,경기,17,13,81.3
포항공과대학교 대학원,경북,236,136,85.5
포항공과대학교 대학원,경북,219,194,91.5
한경국립대학교 일반대학원,경기,64,48,84.2
한경국립대학교 일반대학원,경기,18,16,88.9
한국공학대학교 일반대학원,경기,64,47,83.9
한국과학기술원 일반대학원,대전,1446,874,92.0
한국과학기술원 일반대학원,대전,691,525,80.4
한국교원대학교대학원,충북,319,256,86.5
한국교원대학교대학원,충북,53,48,96.0
한국교통대학교 대학원,충북,98,61,75.3
한국교통대학교 대학원,충북,14,11,100.0
한국기술교육대학교 대학원,충남,68,42,87.5
한국기술교육대학교 대학원,충남,24,21,91.3
한국성서대학교대학원,서울,14,11,91.7
한국성서대학교대학원,서울,5,3,60.0
한국에너지공과대학교 대학원,전남,5,2,50.0
한국외국어대학교 일반대학원,서울,218,59,64.8
한국외국어대학교 일반대학원,서울,52,26,72.2
한국전통문화대학교 일반대학원,충남,22,15,75.0
한국전통문화대학교 일반대학원,충남,3,1,50.0
한국체육대학교 대학원,서울,51,40,90.9
한국체육대학교 대학원,서울,24,21,87.5
한국침례신학대학교 대학원,대전,12,3,75.0
한국침례신학대학교 대학원,대전,9,0,0.0
한국학대학원,경기,55,13,72.2
한국학대학원,경기,13,4,50.0
한국항공대학교대학원,경기,120,59,80.8
한국항공대학교대학원,경기,41,34,87.2
한국해양대학교대학원,부산,150,88,83.0
한국해양대학교대학원,부산,54,37,82.2
한남대학교대학원,대전,112,49,73.1
한남대학교대학원,대전,58,41,87.2
한동대학교 일반대학원,경북,38,22,78.6
한동대학교 일반대학원,경북,8,2,33.3
한림대학교대학원,강원,107,66,74.2
한림대학교대학원,강원,44,25,75.8
한밭대학교 일반대학원,대전,89,57,89.1
한밭대학교 일반대학원,대전,18,13,100.0
한서대학교대학원,충남,43,32,91.4
한서대학교대학원,충남,60,21,84.0
한성대학교일반대학원,서울,64,23,69.7
한성대학교일반대학원,서울,30,26,92.9
한세대학교 대학원,경기,43,18,72.0
한세대학교 대학원,경기,56,37,80.4
한신대학교대학원,경기,38,32,84.2
한신대학교대학원,경기,3,2,66.7
한양대학교 대학원,경기,329,197,83.1
한양대학교 대학원,경기,107,81,91.0
한양대학교대학원,서울,1158,681,81.9
한양대학교대학원,서울,446,327,85.8
한일장신대학교 일반대학원,전북,16,0,0.0
한일장신대학교 일반대학원,전북,6,4,100.0
협성대학교일반대학원,경기,4,0,0.0
협성대학교일반대학원,경기,23,20,100.0
호남대학교 일반대학원,광주,76,29,85.3
호남대학교 일반대학원,광주,43,19,82.6
호남신학대학교대학원,광주,2,0,0.0
호남신학대학교대학원,광주,1,0,0.0
호서대학교 대학원,충남,138,64,85.3
호서대학교 대학원,충남,173,46,93.9
홍익대학교 대학원,서울,533,206,66.9
홍익대학교 대학원,서울,108,60,63.8
홍익대학교 일반대학원,세종,23,7,50.0
홍익대학교 일반대학원,세종,6,3,100.0
가톨릭대학교 의학전문대학원,서울,2,2,100.0
강남대학교사회복지전문대학원,경기,4,2,66.7
강원대학교 방재전문대학원,강원,10,8,100.0
강원대학교 방재전문대학원,강원,7,7,100.0
강원대학교 의학전문대학원,강원,47,44,95.7
강원대학교법학전문대학원,강원,32,16,50.0
개신대학원대학교,서울,40,19,70.4
개신대학원대학교,서울,5,2,66.7
건국대학교 경영전문대학원,서울,38,37,97.4
건국대학교 법학전문대학원,서울,34,19,55.9
건국대학교 법학전문대학원,서울,1,1,100.0
건국대학교 의학전문대학원,충북,32,29,93.5
건국대학교건축전문대학원,서울,50,42,85.7
건국대학교건축전문대학원,서울,1,1,100.0
건신대학원대학교,대전,39,28,77.8
건신대학원대학교,대전,10,5,50.0
경기대학교 관광전문대학원,서울,34,27,84.4
경기대학교 관광전문대학원,서울,16,12,75.0
경기대학교 서비스경영전문대학원,서울,17,14,87.5
경기대학교 서비스경영전문대학원,서울,1,1,100.0
경기대학교정치전문대학원,서울,8,6,85.7
경기대학교정치전문대학원,서울,14,11,78.6
경북대학교 법학전문대학원,대구,125,63,51.2
경북대학교 법학전문대학원,대구,3,3,100.0
경북대학교 의학전문대학원,대구,1,1,100.0
경북대학교 치의학전문대학원,대구,1,0,0.0
경북대학교 치의학전문대학원,대구,1,1,100.0
경상국립대학교 의학전문대학원,경남,1,1,100.0
경안대학원대학교,경북,21,14,70.0
경인교육대학교 교육전문대학원,인천,395,374,95.7
경인교육대학교 교육전문대학원,인천,12,12,100.0
경희대학교 국제대학원,경기,121,54,75.0
경희대학교 국제대학원,경기,3,3,100.0
경희대학교 동서의학대학원,경기,48,34,81.0
경희대학교 동서의학대학원,경기,10,9,90.0
경희대학교 법학전문대학원,서울,55,38,69.1
경희대학교 법학전문대학원,서울,1,1,100.0
경희대학교 의학전문대학원,서울,1,0,0.0
경희대학교 체육대학원,경기,25,14,77.8
경희대학교 체육대학원,경기,11,9,81.8
고려대학교 KU-KIST융합대학원,서울,24,14,82.4
고려대학교 KU-KIST융합대학원,서울,28,24,85.7
고려대학교 경영전문대학원,서울,324,289,95.1
고려대학교 국제대학원,서울,112,29,76.3
고려대학교 국제대학원,서울,5,2,100.0
고려대학교 그린스쿨(에너지환경정책기술대학원),서울,5,4,80.0
고려대학교 기술경영전문대학원,서울,44,40,93.0
고려대학교 기술경영전문대학원,서울,7,6,85.7
고려대학교 법학전문대학원,서울,123,101,83.5
고려대학교 세종캠퍼스 행정전문대학원,세종,11,10,90.9
고려대학교 에너지환경대학원(그린스쿨),서울,12,9,75.0
고려대학교 에너지환경대학원(그린스쿨),서울,1,1,100.0
고려대학교 정보보호대학원,서울,78,74,100.0
고려대학교 정보보호대학원,서울,14,11,78.6
공주대학교 정책융합전문대학원,충남,17,17,100.0
과학기술연합대학원대학교,대전,104,65,90.3
과학기술연합대학원대학교,대전,190,113,93.4
광주대학교사회복지전문대학원,광주,35,30,88.2
광주대학교사회복지전문대학원,광주,2,1,50.0
국립암센터국제암대학원대학교,경기,19,4,80.0
국립암센터국제암대학원대학교,경기,4,2,100.0
국민대학교비즈니스IT전문대학원,서울,26,22,84.6
국민대학교비즈니스IT전문대학원,서울,10,8,88.9
국민대학교자동차공학전문대학원,서울,41,38,92.7
국민대학교자동차공학전문대학원,서울,6,5,83.3
국민대학교테크노디자인전문대학원,서울,60,39,79.6
국민대학교테크노디자인전문대학원,서울,22,7,77.8
국제뇌교육종합대학원대학교,충남,56,37,72.5
국제뇌교육종합대학원대학교,충남,12,9,75.0
국제법률경영대학원대학교,경기,15,0,0.0
국제영어대학원대학교,서울,32,14,87.5
능인대학원대학교,경기,17,7,53.8
단국대학교 영화콘텐츠전문대학원,경기,1,1,100.0
대진대학교 문화예술전문대학원,경기,1,1,100.0
대한신학대학원대학교,경기,42,30,83.3
대한신학대학원대학교,경기,20,16,84.2
동국대학교 경영대학원,서울,2,2,100.0
동국대학교 경영전문대학원,서울,54,23,85.2
동국대학교 영상대학원(전문),서울,141,29,69.0
동국대학교 영상대학원(전문),서울,6,4,66.7
동국대학교 의학전문대학원,경북,54,47,95.9
동덕여자대학교 패션전문대학원,서울,3,3,100.0
동덕여자대학교 패션전문대학원,서울,4,4,100.0
동방문화대학원대학교,서울,14,6,54.5
동방문화대학원대학교,서울,57,27,61.4
동서대학교 디자인전문대학원,부산,1,0,0.0
동아대학교 국제전문대학원,부산,17,3,60.0
동아대학교 국제전문대학원,부산,10,6,100.0
동아대학교 법학전문대학원,부산,71,41,59.4
명지대학교 기록정보과학전문대학원,서울,21,18,85.7
명지대학교 기록정보과학전문대학원,서울,2,1,50.0
백석대학교 기독교전문대학원,서울,10,2,100.0
백석대학교 기독교전문대학원,서울,62,25,78.1
베뢰아국제대학원대학교,서울,17,6,37.5
부경대학교 기술경영전문대학원,부산,24,21,100.0
부경대학교 기술경영전문대학원,부산,22,2,100.0
부산대학교 국제전문대학원,부산,49,13,92.9
부산대학교 국제전문대학원,부산,4,2,50.0
부산대학교 법학전문대학원,부산,111,64,59.8
부산대학교 법학전문대학원,부산,2,2,100.0
부산대학교 의학전문대학원,경남,2,2,100.0
부산대학교 의학전문대학원,경남,4,1,100.0
부산대학교 치의학전문대학원,경남,71,64,94.1
부산대학교 치의학전문대학원,경남,3,2,100.0
부산대학교 한의학전문대학원,경남,59,56,96.6
부산대학교 한의학전문대학원,경남,2,2,100.0
북한대학원대학교,서울,33,21,75.0
북한대학원대학교,서울,12,12,100.0
서강대학교 경영전문대학원,서울,308,108,87.8
서강대학교 경영전문대학원,서울,13,13,100.0
서강대학교 기술경영전문대학원,서울,41,37,90.2
서강대학교 법학전문대학원,서울,41,31,77.5
서강대학교 신학대학원,서울,24,8,42.1
서강대학교 신학대학원,서울,3,2,66.7
서강대학교국제대학원,서울,52,1,50.0
서강대학교국제대학원,서울,2,1,100.0
서강대학교영상대학원,서울,4,3,75.0
서강대학교영상대학원,서울,8,5,62.5
서울과학기술대학교 IT정책전문대학원,서울,11,9,90.0
서울과학기술대학교 IT정책전문대학원,서울,14,14,100.0
서울과학기술대학교 나노IT디자인융합대학원,서울,7,5,100.0
서울과학기술대학교 나노IT디자인융합대학원,서울,20,18,100.0
서울과학기술대학교 융합과학대학원,서울,23,20,90.9
서울과학기술대학교 융합과학대학원,서울,22,18,81.8
서울과학기술대학교 철도전문대학원,서울,71,47,97.9
서울과학기술대학교 철도전문대학원,서울,15,13,92.9
서울과학종합대학원대학교,서울,433,281,92.1
서울과학종합대학원대학교,서울,56,15,100.0
서울교육대학교 교육전문대학원,서울,422,411,97.6
서울교육대학교 교육전문대학원,서울,13,13,100.0
서울대학교 경영전문대학원,서울,175,147,91.9
서울대학교 공학전문대학원,서울,33,32,100.0
서울대학교 국제농업기술대학원,강원,19,13,86.7
서울대학교 국제대학원,서울,129,41,71.9
서울대학교 국제대학원,서울,6,3,75.0
서울대학교 데이터사이언스대학원,서울,25,18,90.0
서울대학교 법학전문대학원,서울,154,138,91.4
서울대학교 법학전문대학원,서울,3,3,100.0
서울대학교 보건대학원,서울,85,52,81.3
서울대학교 융합과학기술대학원,서울,58,49,92.5
서울대학교 융합과학기술대학원,서울,40,33,89.2
서울대학교 의학대학원,서울,1,1,100.0
서울대학교 치의학대학원,서울,76,73,96.1
서울대학교 행정대학원,서울,220,135,88.8
서울대학교 환경대학원,서울,80,54,83.1
서울벤처대학원대학교,서울,37,32,94.1
서울벤처대학원대학교,서울,55,52,96.3
서울불교대학원대학교,서울,25,13,61.9
서울불교대학원대학교,서울,7,4,57.1
서울상담심리대학원대학교,서울,48,24,53.3
서울상담심리대학원대학교,서울,2,2,100.0
서울성경신학대학원대학교,서울,38,19,59.4
서울성경신학대학원대학교,서울,1,1,100.0
서울시립대학교 디자인전문대학원,서울,6,5,83.3
서울시립대학교 법학전문대학원,서울,43,27,62.8
서울시립대학교 세무전문대학원,서울,26,24,92.3
서울시립대학교 세무전문대학원,서울,4,4,100.0
서울신학대학교 신학전문대학원,경기,20,5,41.7
서울신학대학교 신학전문대학원,경기,7,5,83.3
서울여자대학교 특수치료전문대학원,서울,2,1,50.0
서울여자대학교 특수치료전문대학원,서울,3,3,100.0
서울외국어대학원대학교,서울,52,39,88.6
선문대학교신학전문대학원,충남,1,0,0.0
선학유피대학원대학교,경기,15,3,100.0
선학유피대학원대학교,경기,3,1,50.0
성균관대학교 경영(전문)대학원,서울,424,311,92.0
성균관대학교 국정관리대학원,서울,1,1,100.0
성균관대학교 국정전문대학원,서울,44,19,90.5
성균관대학교 국정전문대학원,서울,15,13,86.7
성균관대학교 기술경영전문대학원,경기,25,25,100.0
성균관대학교 기술경영전문대학원,경기,5,5,100.0
성균관대학교 법학전문대학원,서울,114,87,76.3
성균관대학교 법학전문대학원,서울,4,4,100.0
성균관대학교 수자원전문대학원,경기,5,4,100.0
성균관대학교 수자원전문대학원,경기,7,4,100.0
성균관대학교 중국대학원,서울,37,20,83.3
성산효대학원대학교,인천,68,56,94.9
성산효대학원대학교,인천,11,5,50.0
성서침례대학원대학교,경기,11,5,50.0
세종대학교경영전문대학원,서울,54,29,82.9
수도국제대학원대학교,서울,91,44,64.7
수도국제대학원대학교,서울,23,10,83.3
숙명여자대학교 경영전문대학원,서울,27,19,79.2
순복음대학원대학교,서울,20,9,47.4
순복음대학원대학교,서울,2,2,100.0
실천신학대학원대학교,경기,7,0,0.0
실천신학대학원대학교,경기,3,0,0.0
아주대학교 법학전문대학원,경기,43,24,55.8
안동대학교 한국문화산업전문대학원,경북,6,0,0.0
안동대학교 한국문화산업전문대학원,경북,4,4,100.0
에스라성경대학원대학교,경기,31,10,37.0
에스라성경대학원대학교,경기,2,1,50.0
연세대학교 경영전문대학원,서울,325,283,96.9
연세대학교 국제학대학원,서울,140,22,56.4
연세대학교 국제학대학원,서울,4,3,75.0
연세대학교 법학전문대학원,서울,125,97,80.8
연세대학교 사회복지대학원,서울,30,22,75.9
연세대학교 사회복지대학원,서울,3,2,66.7
연세대학교 연합신학대학원,서울,35,21,70.0
연세대학교 연합신학대학원,서울,12,6,75.0
연세대학교 정보대학원,서울,128,122,96.1
연세대학교 정보대학원,서울,6,6,100.0
연세대학교 커뮤니케이션대학원,서울,28,18,72.0
연세대학교 커뮤니케이션대학원,서울,5,4,80.0
영남대학교 법학전문대학원,경북,69,41,61.2
예명대학원대학교,서울,33,8,80.0
예명대학원대학교,서울,22,13,76.5
온석대학원대학교,경기,44,27,69.2
온석대학원대학교,경기,20,15,78.9
울산과학기술원 기술경영전문대학원,울산,36,30,85.7
울산과학기술원 기술경영전문대학원,울산,1,1,100.0
울산과학기술원 디자인-공학 융합전문대학원,울산,3,2,100.0
울산과학기술원 디자인-공학 융합전문대학원,울산,1,1,100.0
원광대학교 법학전문대학원,전북,58,27,48.2
원광대학교 한의학전문대학원,전북,1,0,0.0
원광대학교 한의학전문대학원,전북,7,3,50.0
원불교대학원대학교,전북,21,0,0.0
웨스트민스터신학대학원대학교,경기,149,89,71.2
웨스트민스터신학대학원대학교,경기,17,9,52.9
이화여자대학교 경영전문대학원,서울,48,17,73.9
이화여자대학교 국제대학원,서울,56,7,63.6
이화여자대학교 국제대학원,서울,10,2,33.3
이화여자대학교 법학전문대학원,서울,111,69,62.7
이화여자대학교 법학전문대학원,서울,2,2,100.0
이화여자대학교 통역번역대학원,서울,104,74,80.4
이화여자대학교 통역번역대학원,서울,1,1,100.0
인천대학교동북아물류대학원,인천,34,23,92.0
인천대학교동북아물류대학원,인천,10,8,100.0
인하대학교 물류전문대학원,인천,40,33,100.0
인하대학교 물류전문대학원,인천,9,5,83.3
인하대학교 법학전문대학원,인천,49,28,58.3
인하대학교 제조혁신전문대학원,인천,14,8,61.5
장로회신학대학교 목회전문대학원,서울,23,0,0.0
장로회신학대학교 목회전문대학원,서울,9,0,0.0
전남대학교 경영전문대학원,광주,61,55,98.2
전남대학교 문화전문대학원,광주,6,3,75.0
전남대학교 법학전문대학원,광주,123,63,52.1
전남대학교 치의학전문대학원,광주,57,55,96.5
전북대학교 법학전문대학원,전북,77,35,46.1
전북대학교 유연인쇄전자전문대학원,전북,6,5,100.0
전북대학교 유연인쇄전자전문대학원,전북,3,0,0.0
전북대학교 의학전문대학원,전북,2,2,100.0
전북대학교 치의학전문대학원,전북,1,1,100.0
제네바신학대학원대학교,경기,1,0,0.0
제주대학교 법학전문대학원,제주,45,16,37.2
제주대학교 의학전문대학원,제주,44,41,97.6
제주대학교 의학전문대학원,제주,1,1,100.0
제주대학교 통역번역대학원,제주,20,8,57.1
조선대학교 의학전문대학원,광주,5,5,100.0
주안대학원대학교,인천,7,1,16.7
주안대학원대학교,인천,11,1,12.5
중앙대학교 경영전문대학원,서울,62,44,86.3
중앙대학교 국제대학원,서울,69,44,84.6
중앙대학교 글로벌대학원,서울,1,0,0.0
중앙대학교 법학전문대학원,서울,42,34,81.0
중앙대학교 첨단영상대학원,서울,86,35,68.6
중앙대학교 첨단영상대학원,서울,29,8,80.0
차의과학대학교 의학전문대학원,경기,42,40,97.6
총신대학교목회신학대학원,서울,4,1,33.3
총신대학교목회신학대학원,서울,3,2,66.7
충남대학교 법학전문대학원,대전,97,50,52.6
충남대학교 분석과학기술대학원,대전,15,7,63.6
충남대학교 분석과학기술대학원,대전,2,0,0.0
충남대학교 신약전문대학원,대전,11,9,81.8
충남대학교 신약전문대학원,대전,3,3,100.0
충남대학교 에너지과학기술대학원,대전,16,12,92.3
충남대학교 에너지과학기술대학원,대전,3,3,100.0
충북대학교 법학전문대학원,충북,64,24,38.7
치유상담대학원대학교,서울,65,31,50.0
평택대학교 피어선신학전문대학원,경기,17,7,46.7
평택대학교 피어선신학전문대학원,경기,19,7,50.0
포항공과대학교 철강·에너지소재대학원,경북,28,21,95.5
포항공과대학교 철강·에너지소재대학원,경북,15,13,100.0
한경국립대학교 미래융합기술대학원,경기,4,3,75.0
한국개발연구원국제정책대학원대학교,세종,283,162,91.5
한국개발연구원국제정책대학원대학교,세종,9,3,60.0
한국공학대학교 지식기반기술·에너지대학원,경기,22,22,100.0
한국교원대학교 교육정책전문대학원,충북,67,67,100.0
한국교원대학교 교육정책전문대학원,충북,1,1,100.0
한국교통대학교 교통대학원,경기,27,22,100.0
한국교통대학교 교통대학원,경기,7,7,100.0
한국기술교육대학교테크노인력개발전문대학원,충남,32,28,87.5
한국기술교육대학교테크노인력개발전문대학원,충남,8,7,100.0
한국상담대학원대학교,서울,61,34,59.6
한국상담대학원대학교,서울,2,1,50.0
한국외국어대학교 국제지역대학원,서울,43,21,72.4
한국외국어대학교 국제지역대학원,서울,15,4,50.0
한국외국어대학교 법학전문대학원,서울,47,30,63.8
한국외국어대학교 법학전문대학원,서울,1,1,100.0
한국외국어대학교 통번역대학원,서울,112,77,77.0
한국외국어대학교 통번역대학원,서울,6,3,60.0
한국전력국제원자력대학원대학교,울산,52,28,96.6
한국전통문화대학교 문화유산전문대학원,충남,24,23,95.8
한국전통문화대학교 문화유산전문대학원,충남,1,1,100.0
한국침례신학대학교 목회신학대학원,대전,12,4,40.0
한국침례신학대학교 목회신학대학원,대전,4,1,25.0
한국해양대학교 해양과학기술전문대학원,부산,15,9,75.0
한국해양대학교 해양과학기술전문대학원,부산,5,5,100.0
한동대학교 국제법률대학원,경북,48,23,54.8
한밭대학교 정보통신전문대학원,대전,20,15,93.8
한밭대학교 정보통신전문대학원,대전,6,6,100.0
한서대학교 국제디자인융합전문대학원,충남,50,6,66.7
한양대학교 경영전문대학원,서울,223,129,90.2
한양대학교 기술경영전문대학원,서울,29,26,89.7
한양대학교 기술경영전문대학원,서울,2,2,100.0
한양대학교 법학전문대학원,서울,99,66,67.3
한양대학교 법학전문대학원,서울,3,3,100.0
한양대학교 의생명공학전문대학원,서울,15,12,85.7
한양대학교 의생명공학전문대학원,서울,6,3,100.0
한양대학교국제학대학원,서울,83,15,93.8
한양대학교국제학대학원,서울,8,4,66.7
한양대학교도시대학원,서울,27,15,88.2
한양대학교도시대학원,서울,11,11,100.0
합동신학대학원대학교,경기,104,34,37.8
합동신학대학원대학교,경기,7,1,16.7
호서대학교 기술경영전문대학원,충남,17,16,94.1
호서대학교 기술경영전문대학원,충남,18,17,94.4
호서대학교 벤처대학원,서울,30,25,96.2
호서대학교 벤처대학원,서울,48,44,95.7
호서대학교 연합신학전문대학원,충남,30,14,58.3
호서대학교 연합신학전문대학원,충남,19,2,18.2
홍익대학교 국제디자인전문대학원,서울,39,21,63.6
홍익대학교 국제디자인전문대학원,서울,7,3,100.0
횃불트리니티신학대학원대학교,서울,115,50,52.6
횃불트리니티신학대학원대학교,서울,10,4,50.0
가야대학교 보건대학원,경남,8,6,75.0
가야대학교행정대학원,경남,12,7,87.5
가천대학교 간호대학원,인천,26,25,96.2
가천대학교 게임대학원,경기,7,7,100.0
가천대학교 경영대학원,경기,128,61,98.4
가천대학교 교육대학원,경기,96,82,85.4
가천대학교 보건대학원,인천,26,25,96.2
가천대학교 사회정책대학원,경기,47,44,97.8
가천대학교 산업환경대학원,경기,16,16,100.0
가천대학교 특수치료대학원,경기,85,69,81.2
가톨릭관동대학교 경영행정대학원,강원,15,10,90.9
가톨릭관동대학교 교육대학원,강원,49,46,95.8
가톨릭관동대학교 사회복지대학원,강원,15,11,73.3
가톨릭꽃동네대학교 사회복지카리타스대학원,충북,33,28,84.8
가톨릭대학교 교회법대학원,경기,2,1,50.0
가톨릭대학교 교회음악대학원,서울,8,5,62.5
가톨릭대학교 보건의료경영대학원,서울,105,93,90.3
가톨릭대학교 상담심리대학원,서울,75,58,80.6
가톨릭대학교 생명대학원,서울,13,13,100.0
가톨릭대학교 임상간호대학원,서울,47,45,97.8
가톨릭대학교 임상치과학대학원,서울,10,9,90.0
가톨릭대학교교육대학원,경기,91,81,90.0
가톨릭대학교문화영성대학원,서울,10,3,33.3
가톨릭대학교사회복지대학원,서울,59,55,96.5
가톨릭대학교행정대학원,서울,17,16,100.0
감리교신학대학교목회신학대학원,서울,27,17,68.0
감리교신학대학교신학대학원,서울,123,41,36.0
강남대학교 국제대학원,경기,1,1,100.0
강남대학교 융복합대학원,경기,24,20,83.3
강남대학교교육대학원,경기,71,60,85.7
강릉원주대학교경영정책과학대학원,강원,6,6,100.0
강릉원주대학교경영정책과학대학원,강원,4,4,100.0
강릉원주대학교교육대학원,강원,42,33,80.5
강릉원주대학교교육대학원,강원,14,13,92.9
강릉원주대학교산업대학원,강원,6,6,100.0
강릉원주대학교산업대학원,강원,8,6,85.7
강서대학교 교육대학원,서울,20,19,95.0
강서대학교 사회복지대학원,서울,17,17,100.0
강서대학교 신학대학원,서울,9,6,75.0
강원대학교 경영대학원,강원,33,31,93.9
강원대학교 녹색생명산업정책대학원,강원,15,11,73.3
강원대학교 산업과학대학원,강원,35,30,85.7
강원대학교 정보과학ㆍ행정대학원,강원,36,32,88.9
강원대학교교육대학원,강원,57,37,64.9
강원대학교산업대학원,강원,13,12,92.3
건국대학교 교육대학원,충북,16,11,91.7
건국대학교 수의방역대학원,서울,7,6,85.7
건국대학교 예술디자인대학원,서울,66,55,83.3
건국대학교 창의융합대학원,충북,16,15,93.8
건국대학교교육대학원,서울,232,185,81.1
건국대학교농축대학원,서울,39,34,91.9
건국대학교부동산대학원,서울,180,172,95.6
건국대학교산업대학원,서울,72,58,85.3
건국대학교언론홍보대학원,서울,31,29,93.5
건국대학교정보통신대학원,서울,56,52,94.5
건국대학교행정대학원,서울,79,71,94.7
건양대학교 경영사회복지대학원,대전,18,12,80.0
건양대학교 군사경찰행정대학원,대전,8,7,87.5
건양대학교 바이오융합대학원,대전,6,6,100.0
건양대학교 보건복지대학원,대전,32,28,90.3
건양대학교 상담대학원,대전,29,20,76.9
경기대학교 공학대학원,경기,50,48,98.0
경기대학교 교육대학원,경기,211,163,79.9
경기대학교 예술대학원,서울,14,7,63.6
경기대학교 한류문화대학원,서울,28,6,60.0
경기대학교 행정복지상담대학원,경기,4,2,100.0
경기대학교 행정사회복지대학원,경기,86,68,82.9
경기대학교대체의학대학원,서울,48,39,90.7
경남과학기술대학교 산업복지대학원,경남,41,32,78.0
경남과학기술대학교 창업대학원,경남,28,20,87.0
경남대학교 산업경영대학원,경남,46,41,97.6
경남대학교교육대학원,경남,136,116,86.6
경남대학교행정대학원,경남,63,56,90.3
경북대학교 경영대학원,대구,125,116,94.3
경북대학교 과학기술대학원,경북,28,25,96.2
경북대학교 교육대학원,대구,165,115,71.0
경북대학교 국제대학원,대구,30,15,57.7
경북대학교 농업생명융합대학원,대구,19,15,78.9
경북대학교 보건대학원,대구,34,33,97.1
경북대학교 산업대학원,대구,58,55,94.8
경북대학교 수사과학대학원,대구,27,26,96.3
경북대학교 정책정보대학원,대구,51,45,88.2
경북대학교 행정대학원,대구,40,37,92.5
경상국립대학교 건축도시토목대학원,경남,11,9,81.8
경상국립대학교 경영대학원,경남,28,25,92.6
경상국립대학교 교육대학원,경남,132,107,82.3
경상국립대학교 보건대학원,경남,13,12,92.3
경상국립대학교 스마트미래농업대학원,경남,4,4,100.0
경상국립대학교 융합과학기술대학원,경남,54,52,96.3
경상국립대학교 항공우주특성화대학원,경남,8,8,100.0
경상국립대학교 행정대학원,경남,49,44,89.8
경성대학교 경영대학원,부산,1,1,100.0
경성대학교 교육대학원,부산,67,49,74.2
경성대학교 멀티미디어대학원,부산,2,1,50.0
경성대학교 사회복지대학원,부산,18,16,94.1
경운대학교 사회복지대학원,경북,17,11,68.8
경운대학교 산업정보대학원,경북,8,7,100.0
경일대학교 K-글로벌대학원,경북,22,0,0.0
경일대학교 보건복지대학원,경북,1,0,0.0
경주대학교 문화관광복지대학원,경북,10,4,57.1
경희대학교 공공대학원,서울,119,108,92.3
경희대학교 미디어커뮤니케이션대학원,서울,36,18,81.8
경희대학교 법무대학원,서울,9,8,100.0
경희대학교 아트퓨전디자인대학원,경기,25,17,89.5
경희대학교 테크노경영대학원,경기,445,119,96.0
경희대학교경영대학원,서울,607,390,94.4
경희대학교관광대학원,서울,70,55,84.6
경희대학교교육대학원,서울,311,200,65.6
경희대학교평화복지대학원,경기,25,23,95.8
경희사이버대학교 문화창조대학원,서울,66,34,55.7
경희사이버대학교 호텔관광대학원,서울,26,20,87.0
계명대학교 경영대학원,대구,48,9,90.0
계명대학교 교육대학원,대구,153,107,71.8
계명대학교 글로벌창업대학원,대구,31,23,92.0
계명대학교 스포츠산업대학원,대구,3,2,100.0
계명대학교 연합신학대학원,대구,24,6,42.9
계명대학교 예술대학원,대구,24,13,56.5
계명대학교 유아교육대학원,대구,28,25,92.6
계명대학교 정책대학원,대구,29,25,86.2
고려대학교 공학대학원,서울,41,39,95.1
고려대학교 교육대학원,서울,310,226,74.3
고려대학교 노동대학원,서울,62,58,96.7
고려대학교 문화스포츠대학원,세종,19,18,100.0
고려대학교 미디어대학원,서울,34,26,78.8
고려대학교 법무대학원,서울,54,53,98.1
고려대학교 보건대학원,서울,42,36,94.7
고려대학교 생명환경과학대학원,서울,36,33,91.7
고려대학교 세종캠퍼스 경영정보대학원,세종,42,37,90.2
고려대학교 세종캠퍼스 의용과학대학원,세종,25,24,96.0
고려대학교 세종캠퍼스 행정대학원,세종,3,3,100.0
고려대학교 언론대학원,서울,13,9,75.0
고려대학교 임상치의학대학원,서울,9,7,100.0
고려대학교 정책대학원,서울,85,74,90.2
고려대학교 컴퓨터정보통신대학원,서울,94,88,94.6
고려사이버대학교 융합정보대학원,서울,26,24,92.3
고신대학교 교회음악대학원,부산,30,22,73.3
고신대학교 선교목회대학원,부산,10,3,42.9
고신대학교교육대학원,부산,13,12,92.3
고신대학교기독교상담대학원,부산,12,5,50.0
고신대학교보건대학원,부산,13,13,100.0
고신대학교신학대학원,충남,131,24,21.8
공주교육대학교교육대학원,충남,176,154,88.5
공주대학교 경영대학원,충남,16,15,93.8
공주대학교 국가사회안전대학원,충남,30,29,96.7
공주대학교 문화유산대학원,충남,24,20,90.9
공주대학교 테크노융합대학원,충남,23,19,86.4
공주대학교교육대학원,충남,193,162,85.3
공주대학교산업과학대학원,충남,31,30,96.8
공주대학교특수교육대학원,충남,50,48,96.0
광신대학교 국제대학원,광주,21,10,100.0
광신대학교 사회복지대학원,광주,18,11,73.3
광신대학교 음악대학원,광주,9,6,75.0
광신대학교상담치료대학원,광주,30,20,80.0
광신대학교신학대학원,광주,46,12,32.4
광운대학교 건설법무대학원,서울,34,33,97.1
광운대학교 경영대학원,서울,49,39,81.3
광운대학교 상담복지정책대학원,서울,84,62,76.5
광운대학교 스마트융합대학원,서울,37,33,94.3
광운대학교 환경대학원,서울,24,24,100.0
광운대학교교육대학원,서울,88,67,79.8
광주교육대학교교육대학원,광주,167,155,93.9
광주대학교 보건상담정책대학원,광주,74,61,93.8
광주여자대학교 사회개발대학원,광주,32,26,86.7
광주여자대학교교육대학원,광주,21,18,85.7
구세군사관대학원대학교,경기,12,0,0.0
국민대학교 글로벌창업벤처대학원,서울,26,25,96.2
국민대학교 소프트웨어융합대학원,서울,31,24,77.4
국민대학교 자동차산업대학원,서울,15,13,92.9
국민대학교경영대학원,서울,153,91,93.8
국민대학교교육대학원,서울,157,111,71.6
국민대학교디자인대학원,서울,32,21,70.0
국민대학교법무대학원,서울,28,25,96.2
국민대학교스포츠산업대학원,서울,53,19,82.6
국민대학교정치대학원,서울,55,47,87.0
국민대학교종합예술대학원,서울,44,31,73.8
국민대학교행정대학원,서울,40,34,85.0
군산대학교경영행정대학원,전북,12,10,100.0
군산대학교교육대학원,전북,39,31,81.6
군산대학교산업대학원,전북,27,25,92.6
극동대학교 글로벌대학원,충북,24,18,94.7
극동대학교 보건과학대학원,충북,1,0,0.0
극동대학교 산업기술보안대학원,충북,3,3,100.0
극동대학교교육대학원,충북,6,6,100.0
금오공과대학교 컨설팅대학원,경북,5,3,60.0
금오공과대학교교육대학원,경북,18,18,100.0
금오공과대학교산업대학원,경북,36,32,94.1
김천대학교 글로컬휴먼대학원,경북,28,5,83.3
나사렛대학교 사회복지대학원,충남,6,4,80.0
나사렛대학교교육대학원,충남,6,1,100.0
나사렛대학교신학대학원,충남,15,7,46.7
나사렛대학교재활복지대학원,충남,19,14,93.3
남부대학교 교육대학원,광주,55,50,90.9
남부대학교 문화복지대학원,광주,33,22,95.7
남서울대학교 국제대학원,충남,4,0,0.0
남서울대학교 특수대학원,충남,66,23,71.9
단국대학교 경영대학원,경기,101,91,91.9
단국대학교 교육대학원,경기,110,85,77.3
단국대학교 교육대학원,충남,20,14,87.5
단국대학교 문화예술대학원,경기,102,62,83.8
단국대학교 보건복지대학원,충남,50,46,93.9
단국대학교 부동산·건설대학원,경기,72,65,94.2
단국대학교 스포츠과학대학원,충남,16,14,87.5
단국대학교 정보·지식재산대학원,경기,3,3,100.0
단국대학교 정보융합기술·창업대학원,경기,68,64,95.5
단국대학교 정책경영대학원,충남,46,35,79.5
단국대학교 특수교육대학원,경기,102,98,96.1
단국대학교 행정법무대학원,경기,111,102,92.7
대구가톨릭대학교 사회복지대학원,대구,23,22,95.7
대구가톨릭대학교 사회적경제경영대학원,대구,25,23,95.8
대구가톨릭대학교 상담대학원,대구,47,31,67.4
대구가톨릭대학교 신학대학원,대구,6,2,40.0
대구가톨릭대학교 예술대학원,경북,16,9,69.2
대구가톨릭대학교 유스티노자유대학원,대구,12,9,81.8
대구가톨릭대학교 유아교육대학원,경북,14,14,100.0
대구가톨릭대학교 의료보건산업대학원,경북,72,66,95.7
대구가톨릭대학교교육대학원,경북,66,45,70.3
대구교육대학교교육대학원,대구,278,247,90.1
대구대학교 교육대학원,경북,121,82,68.3
대구대학교 디자인·산업행정대학원,대구,18,16,88.9
대구대학교 재활과학대학원,대구,67,55,83.3
대구대학교 특수교육대학원,경북,26,26,100.0
대구대학교사회복지대학원,경북,31,29,93.5
대구사이버대학교 휴먼케어대학원,경북,29,23,82.1
대구한의대학교 보건복지대학원,경북,24,19,86.4
대구한의대학교 한방산업대학원,경북,16,11,84.6
대신대학교 신학대학원,경북,44,14,37.8
대전대학교 경영행정·사회복지·상담대학원,대전,34,28,82.4
대전대학교 교육대학원,대전,34,32,94.1
대전대학교 보건의료대학원,대전,22,18,90.0
대전대학교 상담대학원,대전,5,4,80.0
대전대학교경영행정ㆍ사회복지대학원,대전,11,9,81.8
대전신학대학교 신학대학원,대전,23,6,30.0
대진대학교 공공정책대학원,경기,21,20,95.2
대진대학교 교육대학원,경기,46,41,95.3
대진대학교 통일대학원,경기,21,20,95.2
덕성여자대학교 교육대학원,서울,53,48,90.6
덕성여자대학교 상담·산업대학원,서울,13,9,69.2
동국대학교 경영대학원,경북,14,14,100.0
동국대학교 경찰사법대학원,서울,63,59,93.7
동국대학교 교육대학원,서울,102,76,80.0
동국대학교 교육서비스과학대학원,서울,3,2,66.7
동국대학교 국제정보보호대학원,서울,25,23,92.0
동국대학교 문화예술대학원,서울,105,61,74.4
동국대학교 법무대학원,서울,36,29,85.3
동국대학교 불교대학원,서울,56,26,55.3
동국대학교 언론정보대학원,서울,27,22,88.0
동국대학교 행정대학원,서울,82,69,86.3
동국대학교불교문화대학원,경북,40,13,40.6
동국대학교사회과학대학원(경),경북,44,40,90.9
동덕여자대학교 공연예술대학원,서울,12,9,75.0
동덕여자대학교 교육대학원,서울,10,9,90.0
동덕여자대학교 문화 예술치료대학원,서울,3,3,100.0
동덕여자대학교 미래전략융합대학원,서울,25,18,75.0
동덕여자대학교 보건과학대학원,서울,5,4,80.0
동명대학교 복지산업대학원,부산,16,10,83.3
동서대학교 경영대학원,부산,1,1,100.0
동서대학교 선교복지대학원,부산,16,11,73.3
동신대학교교육대학원,전남,15,14,100.0
동신대학교사회개발대학원,전남,55,39,79.6
동아대학교 경영대학원,부산,80,75,93.8
동아대학교 교육대학원,부산,118,77,67.5
동아대학교 법무대학원,부산,6,5,83.3
동아대학교 사회복지대학원,부산,40,27,77.1
동아대학교 산업정보대학원,부산,1,1,100.0
동양대학교정보대학원,경북,24,21,87.5
동의대학교 국가안전정책대학원,부산,15,13,86.7
동의대학교 부동산대학원,부산,37,31,86.1
동의대학교경영대학원,부산,12,11,91.7
동의대학교교육대학원,부산,25,22,91.7
동의대학교산업문화대학원,부산,38,30,83.3
루터대학교 대학원,경기,14,9,69.2
명지대학교 경영대학원,서울,23,21,91.3
명지대학교 교육대학원,서울,64,47,87.0
명지대학교 문화예술대학원,서울,51,34,68.0
명지대학교 부동산대학원,서울,37,32,86.5
명지대학교 사회교육대학원,서울,50,37,75.5
명지대학교 사회복지대학원,서울,27,22,81.5
명지대학교 산업대학원,경기,70,56,84.8
명지대학교 통합치료대학원,서울,155,120,79.5
목원대학교 산업정보언론대학원,대전,19,15,83.3
목원대학교신학대학원,대전,65,0,0.0
목포대학교 교육대학원,전남,95,74,77.9
목포대학교경영행정대학원,전남,42,37,92.5
목포대학교산업기술대학원,전남,13,13,100.0
목포해양대학교해양산업대학원,전남,2,2,100.0
배재대학교 관광축제한류대학원,대전,3,3,100.0
배재대학교 관광축제호텔대학원,대전,1,1,100.0
배재대학교 교육대학원,대전,17,12,70.6
백석대학교 교육대학원,서울,78,57,87.7
백석대학교 문화예술대학원,서울,56,40,72.7
백석대학교 보건복지대학원,서울,35,28,82.4
백석대학교 상담대학원,서울,145,81,58.3
백석대학교 신학대학원,서울,288,0,0.0
백석대학교 실천신학대학원,서울,18,0,0.0
부경대학교 경영대학원,부산,66,57,90.5
부경대학교 교육대학원,부산,98,70,73.7
부경대학교 글로벌수산대학원,부산,30,13,86.7
부경대학교 글로벌정책대학원,부산,43,24,66.7
부경대학교 산업대학원,부산,41,37,90.2
부산교육대학교교육대학원,부산,256,227,90.1
부산대학교 경영대학원,부산,155,143,92.3
부산대학교 경제통상대학원,부산,17,13,76.5
부산대학교 교육대학원,부산,268,206,78.9
부산대학교 금융대학원,부산,14,12,92.3
부산대학교 기술창업대학원,부산,21,15,75.0
부산대학교 산업대학원,부산,63,60,95.2
부산대학교 행정대학원,부산,78,73,93.6
부산대학교 환경대학원,부산,20,20,100.0
부산디지털대학교 휴먼서비스대학원,부산,24,15,78.9
부산외국어대학교 글로벌골프대학원,부산,4,4,100.0
부산외국어대학교 산업·경영대학원,부산,66,33,76.7
부산외국어대학교교육대학원,부산,16,11,84.6
부산외국어대학교통역번역대학원,부산,38,11,73.3
부산장신대학교 강해설교대학원,경남,4,1,33.3
부산장신대학교 상담및심리치료대학원,경남,6,3,60.0
부산장신대학교 장애인교육선교대학원,경남,2,2,100.0
부산장신대학교신학대학원,경남,42,3,9.4
사이버한국외국어대학교 TESOL 대학원,서울,44,32,80.0
삼육대학교 신학대학원,서울,16,10,71.4
삼육대학교 임상간호대학원,서울,14,13,92.9
삼육대학교경영대학원,서울,15,9,100.0
상명대학교 경영대학원,서울,25,21,87.5
상명대학교 교육대학원,서울,47,33,70.2
상명대학교 문화기술대학원,서울,39,29,80.6
상명대학교 복지상담대학원,서울,6,5,83.3
상명대학교 상담대학원,서울,10,8,80.0
상명대학교 예술디자인대학원,서울,4,4,100.0
상지대학교 사회복지정책대학원,강원,20,20,100.0
상지대학교 사회융합대학원,강원,23,23,100.0
상지대학교 평화안보.상담심리대학원,강원,45,41,93.2
상지대학교교육대학원,강원,2,2,100.0
서강대학교 경제대학원,서울,71,69,97.2
서강대학교 공공정책대학원,서울,58,50,87.7
서강대학교교육대학원,서울,101,64,67.4
서강대학교언론대학원,서울,62,49,79.0
서강대학교정보통신대학원,서울,98,89,91.8
서경대학교 경영문화대학원,서울,28,25,92.6
서경대학교 미용예술대학원,서울,21,17,81.0
서경대학교 실용음악대학원,서울,6,5,83.3
서울과학기술대학교 산업대학원,서울,61,58,95.1
서울과학기술대학교 주택도시대학원,서울,38,37,97.4
서울교육대학교 교육대학원,서울,22,22,100.0
서울기독대학교 문화산업경영대학원,서울,4,4,100.0
서울기독대학교 연합신학대학원,서울,5,2,40.0
서울기독대학교사회복지대학원,서울,12,8,66.7
서울기독대학교치유상담대학원,서울,13,6,46.2
서울미디어대학원대학교,서울,76,44,80.0
서울사이버대학교 상담심리대학원,서울,86,61,76.3
서울사이버대학교 휴먼서비스대학원,서울,42,31,83.8
서울사회복지대학원대학교,서울,54,35,81.4
서울시립대학교 경영대학원,서울,127,120,94.5
서울시립대학교 과학기술대학원,서울,56,51,91.1
서울시립대학교 교육대학원,서울,47,41,87.2
서울시립대학교 국제도시과학대학원,서울,128,27,100.0
서울시립대학교 도시과학대학원,서울,163,157,96.3
서울시립대학교 도시보건대학원,서울,16,14,87.5
서울신학대학교 교회성장대학원,경기,19,4,22.2
서울신학대학교 설교대학원,경기,16,4,26.7
서울신학대학교사회복지대학원,경기,5,5,100.0
서울신학대학교상담대학원,경기,26,16,64.0
서울신학대학교신학대학원,경기,113,40,43.5
서울여자대학교 교육대학원,서울,7,6,85.7
서울여자대학교 사회복지·기독교대학원,서울,3,3,100.0
서울여자대학교 휴먼서비스대학원,서울,24,14,60.9
서울장신대학교 교회음악대학원,경기,4,2,66.7
서울장신대학교 사회복지상담대학원,경기,2,2,100.0
서울장신대학교 신학대학원,경기,50,7,15.6
서울장신대학교 영성심리치유대학원,경기,3,0,0.0
서울장신대학교 예배찬양사역대학원,경기,8,3,42.9
서울장신대학교 자연치유선교대학원,경기,6,3,60.0
서울한영대학교 국제신학선교대학원,서울,11,5,50.0
서울한영대학교 상담복지대학원,서울,44,38,90.5
서원대학교교육대학원,충북,25,19,79.2
서원대학교산업대학원,충북,24,19,82.6
선문대학교 글로컬통합대학원,충남,17,11,68.8
선문대학교 신학대학원,충남,2,2,100.0
선문대학교교육대학원,충남,12,6,85.7
성결대학교 프라임대학원,경기,32,20,64.5
성결대학교교육대학원,경기,29,22,75.9
성결대학교사회복지대학원,경기,48,41,87.2
성결대학교성결신학대학원,경기,1,0,0.0
성결대학교신학대학원,경기,54,0,0.0
성공회대학교 사회적경제대학원,서울,15,13,92.9
성공회대학교 시민평화대학원,서울,11,11,100.0
성공회대학교 신학대학원,서울,5,2,40.0
성공회대학교NGO대학원,서울,13,8,61.5
성공회대학교교육대학원,서울,38,38,100.0
성공회대학교문화대학원,서울,8,7,87.5
성공회대학교시민사회복지대학원,서울,24,20,83.3
성균관대학교 경영대학원,서울,2,2,100.0
성균관대학교 경영대학원(iMBA),서울,213,171,81.4
성균관대학교 교육대학원,서울,79,62,81.6
성균관대학교 국가전략대학원,서울,26,20,80.0
성균관대학교 글로벌보험연금대학원,서울,7,7,100.0
성균관대학교 글로벌창업대학원,경기,17,16,94.1
성균관대학교 디자인대학원,서울,10,9,90.0
성균관대학교 문화융합대학원,서울,5,5,100.0
성균관대학교 미디어문화융합대학원,서울,55,36,83.7
성균관대학교 번역·테솔(TESOL)대학원,서울,17,7,50.0
성균관대학교 사회복지대학원,서울,49,44,91.7
성균관대학교 생활과학대학원,서울,2,1,50.0
성균관대학교 언론정보대학원,서울,1,1,100.0
성균관대학교 유학대학원,서울,34,17,53.1
성균관대학교 임상간호대학원,경기,40,38,97.4
성균관대학교 임상약학대학원,경기,1,1,100.0
성균관대학교 정보통신대학원,서울,75,74,98.7
성신여자대학교 AI세무·회계대학원,서울,7,5,71.4
성신여자대학교 문화산업예술대학원,서울,10,6,66.7
성신여자대학교 뷰티융합대학원,서울,17,11,84.6
성신여자대학교 생애복지대학원,서울,18,16,88.9
성신여자대학교교육대학원,서울,59,44,74.6
세명대학교 경영행정복지대학원,충북,29,26,89.7
세명대학교 저널리즘대학원,충북,14,14,100.0
세명대학교 저널리즘스쿨대학원,충북,11,10,100.0
세종대학교 공공정책대학원,서울,46,33,86.8
세종대학교 산업대학원,서울,55,49,90.7
세종대학교 융합예술대학원,서울,77,57,78.1
세종대학교공연예술대학원,서울,1,1,100.0
세종대학교관광대학원,서울,68,54,84.4
세종대학교교육대학원,서울,59,57,96.6
세종사이버대학교  경영대학원,서울,29,21,75.0
세종사이버대학교  정보보호대학원,서울,40,33,84.6
송원대학교 휴먼산업대학원,광주,51,35,87.5
수원대학교 고용서비스대학원,경기,16,12,85.7
수원대학교 공공정책대학원,경기,24,20,83.3
수원대학교 공학대학원,경기,26,26,100.0
수원대학교 글로벌창업대학원,경기,8,7,87.5
수원대학교 미술대학원,경기,16,6,40.0
수원대학교 스포츠과학대학원,경기,7,6,85.7
수원대학교 음악대학원,경기,13,7,53.8
수원대학교경영대학원,경기,7,5,100.0
수원대학교교육대학원,경기,65,51,79.7
수원대학교사회복지대학원,경기,22,19,86.4
수원대학교호텔관광대학원,경기,2,1,50.0
숙명여자대학교 TESOL·국제학대학원,서울,18,9,75.0
숙명여자대학교 교육대학원,서울,161,109,67.7
숙명여자대학교 국제관계대학원,서울,2,2,100.0
숙명여자대학교 문화예술대학원,서울,102,69,71.1
숙명여자대학교 사회교육대학원,서울,6,4,66.7
숙명여자대학교 심리치료대학원,서울,53,38,71.7
숙명여자대학교 원격대학원,서울,89,67,78.8
숙명여자대학교 음악치료대학원,서울,33,25,78.1
숙명여자대학교 인적자원개발대학원,서울,31,23,74.2
숙명여자대학교 정책대학원,서울,16,9,60.0
순천대학교 사회문화예술대학원,전남,11,10,90.9
순천대학교경영행정대학원,전남,9,9,100.0
순천대학교교육대학원,전남,75,60,80.0
순천대학교산업대학원,전남,5,5,100.0
순천향대학교 건강과학대학원,충남,44,41,93.2
순천향대학교 미래융합대학원,충남,30,20,90.9
순천향대학교 법과학대학원,충남,31,24,77.4
순천향대학교교육대학원,충남,99,87,87.9
숭실대학교 경영대학원,서울,230,96,91.4
숭실대학교 교육대학원,서울,99,82,85.4
숭실대학교 기독교학대학원,서울,60,15,26.3
숭실대학교 사회복지대학원,서울,105,91,87.5
숭실대학교 안전융합대학원,서울,30,29,96.7
숭실대학교 정보과학대학원,서울,61,58,96.7
숭실대학교 중소기업대학원,서울,50,44,91.7
신라대학교 공공안전정책대학원,부산,12,9,81.8
신라대학교 교육대학원,부산,51,37,77.1
신라대학교 사회복지대학원,부산,21,16,76.2
신라대학교 산업융합대학원,부산,25,16,84.2
신라대학교 상담치료대학원,부산,21,14,70.0
신한대학교 지식복지대학원,경기,15,12,92.3
아신대학교 교육대학원,경기,18,16,94.1
아신대학교 복지대학원,경기,3,3,100.0
아신대학교 상담대학원,경기,20,10,62.5
아신대학교 선교대학원,경기,16,8,61.5
아신대학교 신학대학원,경기,70,29,56.9
아주대학교 IT융합대학원,경기,27,26,96.3
아주대학교 공학대학원,경기,89,86,96.6
아주대학교 교통·ITS대학원,경기,54,54,100.0
아주대학교 글로벌제약임상대학원,경기,10,9,90.0
아주대학교 보건대학원,경기,40,39,97.5
아주대학교 임상치의학대학원,경기,11,10,90.9
아주대학교경영대학원,경기,255,234,94.0
아주대학교공공정책대학원,경기,140,131,93.6
아주대학교교육대학원,경기,249,199,80.2
아주대학교국제대학원,경기,82,0,0.0
아주대학교정보통신대학원,경기,170,163,95.9
안동대학교교육대학원,경북,60,52,86.7
안동대학교행정경영대학원,경북,19,18,94.7
안양대학교 경영행정대학원,인천,9,8,88.9
안양대학교 글로벌대학원,경기,25,2,100.0
안양대학교경영행정대학원,경기,3,3,100.0
안양대학교교육대학원,경기,54,48,88.9
안양대학교신학대학원,경기,14,6,54.5
연세대학교 간호대학원,서울,50,49,98.0
연세대학교 경제대학원,서울,100,89,90.8
연세대학교 공학대학원,서울,208,200,96.6
연세대학교 교육대학원,서울,307,205,67.7
연세대학교 법무대학원,서울,103,96,96.0
연세대학교 보건대학원,서울,151,122,97.6
연세대학교 보건환경대학원,강원,27,22,81.5
연세대학교 생활환경대학원,서울,63,56,88.9
연세대학교 언론홍보대학원,서울,100,91,91.0
연세대학교 정경·창업대학원,강원,77,42,82.4
연세대학교 정경대학원,강원,56,1,100.0
연세대학교 행정대학원,서울,169,150,90.9
영남대학교 경영대학원,대구,4,4,100.0
영남대학교 경영행정대학원,대구,101,95,94.1
영남대학교 공학대학원,경북,34,33,97.1
영남대학교 교육대학원,경북,92,70,76.1
영남대학교 문화예술디자인대학원,대구,8,8,100.0
영남대학교 박정희새마을대학원,경북,43,0,0.0
영남대학교 스포츠과학대학원,대구,18,12,70.6
영남대학교 행정대학원,대구,2,1,50.0
영남대학교 환경보건대학원,대구,53,47,90.4
영남신학대학교 상담대학원,경북,10,5,55.6
영남신학대학교 성서신학대학원,경북,4,2,50.0
영남신학대학교 통일선교대학원,경북,2,0,0.0
영남신학대학교사회복지대학원,경북,4,3,75.0
영남신학대학교신학대학원,경북,55,10,24.4
영산대학교 공과대학원,경남,4,4,100.0
영산대학교 관광대학원,부산,13,6,100.0
영산대학교 기술창업대학원,경남,12,11,91.7
영산대학교 미용예술대학원,부산,18,11,73.3
영산대학교 부동산대학원,부산,26,13,100.0
영산대학교 사회과학대학원,부산,10,8,100.0
예원예술대학교 문화예술대학원,전북,12,11,91.7
예원예술대학교 문화예술대학원,경기,58,19,86.4
예원예술대학교 사회복지대학원,전북,12,9,75.0
용인대학교 문화예술대학원,경기,19,13,76.5
용인대학교 문화재대학원,경기,1,1,100.0
용인대학교 스포츠웰니스산업대학원,경기,21,15,83.3
용인대학교 재활복지대학원,경기,16,15,93.8
용인대학교 태권도대학원,경기,16,13,86.7
용인대학교 통일대학원,경기,1,1,100.0
용인대학교경영대학원,경기,6,5,100.0
용인대학교교육대학원,경기,67,44,71.0
용인대학교체육과학대학원,경기,1,1,100.0
우석대학교 경영문화대학원,전북,34,26,86.7
우석대학교 교육대학원,전북,96,66,71.0
우석대학교 국방정책대학원,전북,16,16,100.0
우송대학교 Culture-Technology융합대학원,대전,25,3,60.0
우송대학교 경영대학원,대전,109,1,33.3
우송대학교 글로벌외식조리대학원,대전,11,3,100.0
우송대학교 보건복지대학원,대전,34,30,96.8
우송대학교 철도융합대학원,대전,30,29,96.7
울산과학기술원 융합경영대학원,울산,30,28,93.3
울산대학교 경영대학원,울산,43,23,95.8
울산대학교 교육대학원,울산,107,92,86.0
울산대학교 산업대학원,울산,145,132,97.1
울산대학교 정책대학원,울산,37,31,83.8
원광대학교 경영대학원,전북,11,10,90.9
원광대학교 교육대학원,전북,51,40,80.0
원광대학교 동양학대학원,전북,32,14,53.8
원광대학교 보건·보완의학대학원,전북,21,14,77.8
원광대학교 행정대학원,전북,13,12,100.0
원광디지털대학교 웰빙문화대학원,전북,42,24,58.5
위덕대학교 경영대학원,경북,12,7,100.0
위덕대학교 교육대학원,경북,12,10,90.9
위덕대학교 불교대학원,경북,6,5,100.0
위덕대학교 사회복지대학원,경북,21,16,76.2
유원대학교산업정보대학원,충북,17,11,68.8
을지대학교 보건복지대학원,경기,11,10,100.0
을지대학교 임상간호대학원,경기,13,12,92.3
이화여자대학교 공연예술대학원,서울,62,46,75.4
이화여자대학교 교육대학원,서울,411,278,68.3
이화여자대학교 디자인대학원,서울,55,43,78.2
이화여자대학교 사회복지대학원,서울,37,30,85.7
이화여자대학교 신학대학원,서울,23,11,55.0
이화여자대학교 외국어교육특수대학원,서울,65,37,67.3
이화여자대학교 임상바이오헬스대학원,서울,31,30,96.8
이화여자대학교 임상보건융합대학원,서울,22,21,95.5
이화여자대학교 임상치의학대학원,서울,12,10,100.0
이화여자대학교 정책과학대학원,서울,42,34,89.5
인제대학교 경영대학원,경남,13,13,100.0
인제대학교 교육대학원,경남,70,54,79.4
인제대학교 보건대학원,부산,41,34,91.9
인제대학교 사회복지대학원,경남,26,24,92.3
인제대학교 산업융합대학원,경남,17,17,100.0
인천대학교 경영대학원,인천,32,30,93.8
인천대학교 공학대학원,인천,31,30,100.0
인천대학교 문화대학원,인천,8,8,100.0
인천대학교 정보기술대학원,인천,8,7,87.5
인천대학교 정책대학원,인천,37,33,91.7
인천대학교교육대학원,인천,146,128,88.3
인하대학교 경영대학원,인천,57,53,93.0
인하대학교 공학대학원,인천,88,83,95.4
인하대학교 보건대학원,인천,10,9,90.0
인하대학교 상담심리대학원,인천,34,27,79.4
인하대학교교육대학원,인천,199,171,87.2
인하대학교정책대학원,인천,81,76,93.8
장로회신학대학교 교육대학원,서울,27,0,0.0
장로회신학대학교 교회음악대학원,서울,9,3,42.9
장로회신학대학교 기독교와사회대학원,서울,29,5,35.7
장로회신학대학교 신학대학원,서울,253,0,0.0
전남대학교 산학협력대학원,전남,90,0,0.0
전남대학교 수산해양대학원,전남,2,2,100.0
전남대학교 정책대학원,광주,51,45,93.8
전남대학교교육대학원,광주,111,86,78.2
전남대학교산업대학원,광주,52,46,90.2
전남대학교행정대학원,광주,8,6,75.0
전북대학교 경영대학원,전북,26,24,92.3
전북대학교 교육대학원,전북,144,98,70.5
전북대학교 법무대학원,전북,3,2,66.7
전북대학교 보건대학원,전북,4,4,100.0
전북대학교 산업기술대학원,전북,17,15,93.8
전북대학교 생명자원과학대학원,전북,1,0,0.0
전북대학교 정보과학대학원,전북,1,0,0.0
전북대학교 행정대학원,전북,31,30,96.8
전북대학교 환경대학원,전북,8,8,100.0
전주교육대학교교육대학원,전북,68,67,98.5
전주대학교 경영행정대학원,전북,31,27,90.0
전주대학교 교육대학원,전북,58,43,74.1
전주대학교 문화산업대학원,전북,22,19,95.0
전주대학교 보건복지대학원,전북,6,3,50.0
전주대학교 상담심리대학원,전북,34,25,78.1
전주대학교 선교신학대학원,전북,15,6,46.2
제주국제대학교 교육대학원,제주,11,11,100.0
제주국제대학교 사회복지임상치료대학원,제주,22,20,90.9
제주국제대학교 산업대학원,제주,11,8,72.7
제주대학교 보건복지대학원,제주,16,12,85.7
제주대학교 사회교육대학원,제주,8,7,87.5
제주대학교경영대학원,제주,31,27,93.1
제주대학교교육대학원,제주,96,78,83.0
제주대학교산업대학원,제주,19,19,100.0
제주대학교행정대학원,제주,15,15,100.0
조선대학교 보건대학원,광주,13,9,81.8
조선대학교 산업기술창업대학원,광주,4,4,100.0
조선대학교 임상약학대학원,광주,6,5,83.3
조선대학교경영대학원,광주,10,7,70.0
조선대학교교육대학원,광주,65,49,77.8
조선대학교디자인대학원,광주,7,5,83.3
조선대학교정책대학원,광주,26,26,100.0
중부대학교 휴먼텍대학원,충남,121,77,89.5
중부대학교교육대학원,충남,65,63,96.9
중부대학교원격대학원,충남,267,257,97.0
중앙대학교 건강간호대학원,서울,33,29,96.7
중앙대학교 건설대학원,서울,16,15,93.8
중앙대학교 교육대학원,서울,191,152,80.4
중앙대학교 국악교육대학원,경기,6,4,66.7
중앙대학교 글로벌인적자원개발대학원,서울,60,54,91.5
중앙대학교 보안대학원,서울,24,23,95.8
중앙대학교 사회복지대학원,서울,45,38,86.4
중앙대학교 산업창업경영대학원,경기,16,14,87.5
중앙대학교 신문방송대학원,서울,40,35,87.5
중앙대학교 심리서비스대학원,서울,42,28,68.3
중앙대학교 예술대학원,서울,82,52,78.8
중앙대학교 창업경영대학원,경기,24,21,87.5
중앙대학교 커뮤니케이션대학원,서울,1,1,100.0
중앙대학교 행정대학원,서울,31,24,77.4
중원대학교 사회문화대학원,충북,55,8,80.0
중원대학교 평생학습대학원,충북,7,5,83.3
진주교육대학교교육대학원,경남,107,87,82.9
차의과학대학교 경영대학원,경기,25,25,100.0
차의과학대학교 미술치료대학원,경기,37,24,70.6
차의과학대학교 보건산업대학원,경기,25,21,84.0
차의과학대학교 스포츠의학대학원,경기,32,28,87.5
차의과학대학교 임상상담심리대학원,경기,23,9,45.0
차의과학대학교 임상약학대학원,경기,18,18,100.0
차의과학대학교 통합의학대학원,경기,30,23,79.3
창신대학교 복지문화대학원,경남,49,37,77.1
창신대학교 부동산경영대학원,경남,22,18,94.7
창원대학교 경영대학원,경남,56,54,98.2
창원대학교 교육대학원,경남,41,38,92.7
창원대학교 보건대학원,경남,15,14,93.3
창원대학교 사회복지대학원,경남,28,25,89.3
창원대학교 산업대학원,경남,65,62,95.4
창원대학교 행정대학원,경남,11,11,100.0
청운대학교 대학원,충남,112,78,92.9
청주교육대학교교육대학원,충북,128,123,96.9
청주대학교 보건의료대학원,충북,24,24,100.0
청주대학교 사회복지·공공정책대학원,충북,31,28,90.3
청주대학교 사회복지행정대학원,충북,2,2,100.0
청주대학교 융합신기술대학원,충북,22,21,100.0
청주대학교산업경영대학원,충북,2,1,50.0
초당대학교 산업대학원,전남,70,61,93.8
총신대학교교육대학원,서울,76,63,84.0
총신대학교교회음악대학원,서울,6,2,40.0
총신대학교사회복지대학원,서울,13,10,76.9
총신대학교상담대학원,서울,52,39,83.0
총신대학교선교대학원,서울,36,11,39.3
총신대학교신학대학원,경기,362,129,40.4
추계예술대학교 교육대학원,서울,12,11,91.7
추계예술대학교 문화예술경영대학원,서울,17,15,93.8
춘천교육대학교교육대학원,강원,101,94,94.9
충남대학교 국가정책대학원,대전,26,24,92.3
충남대학교 스마트농업대학원,대전,2,2,100.0
충남대학교경영대학원,대전,88,85,97.7
충남대학교교육대학원,대전,247,186,77.8
충남대학교보건대학원,대전,25,24,96.0
충남대학교산업대학원,대전,80,75,93.8
충남대학교특허법무대학원,대전,27,23,85.2
충남대학교평화안보대학원,대전,33,31,93.9
충남대학교행정대학원,대전,39,34,89.5
충북대학교 교육대학원,충북,58,44,78.6
충북대학교 법무대학원,충북,8,7,100.0
충북대학교 북방농업대학원,충북,1,1,100.0
충북대학교 산업대학원,충북,44,42,95.5
충북대학교 세종 국가정책대학원,충북,16,13,86.7
충북대학교경영대학원,충북,53,49,92.5
칼빈신학대학원,경기,68,49,77.8
평택대학교 글로벌비즈니스대학원,경기,12,2,100.0
평택대학교 물류·정보·경영대학원,경기,2,0,0.0
평택대학교 사회복지대학원,경기,13,10,83.3
평택대학교 상담대학원,경기,38,31,86.1
평택대학교 통번역대학원,경기,13,7,87.5
한경국립대학교 공공정책대학원,경기,26,23,92.0
한경국립대학교 국제개발협력대학원,경기,6,5,100.0
한경국립대학교 산업대학원,경기,27,26,96.3
한국공학대학교 산업기술경영대학원,경기,81,77,98.7
한국교원대학교교육대학원,충북,458,450,98.5
한국교통대학교 교육대학원,충북,25,21,91.3
한국교통대학교 글로벌융합대학원,충북,51,51,100.0
한국기술교육대학교 IT융합과학경영산업대학원,충남,90,85,95.5
한국방송통신대학교 경영대학원,서울,107,90,89.1
한국방송통신대학교 대학원,서울,564,439,83.5
한국성서대학교보육대학원,서울,19,15,88.2
한국성서대학교사회복지대학원,서울,5,3,75.0
한국성서대학교신학대학원,서울,31,14,51.9
한국외국어대학교 KFL대학원,서울,53,24,68.6
한국외국어대학교 TESOL 대학원,서울,26,14,63.6
한국외국어대학교 경영대학원,서울,158,133,85.8
한국외국어대학교 교육대학원,서울,142,96,69.1
한국외국어대학교 정치행정언론대학원,서울,6,6,100.0
한국체육대학교 교육대학원,서울,7,7,100.0
한국체육대학교 사회체육대학원,서울,101,86,88.7
한국침례신학대학교 교회음악대학원,대전,9,3,33.3
한국침례신학대학교 상담대학원,대전,21,13,61.9
한국침례신학대학교 상담복지대학원,대전,3,3,100.0
한국침례신학대학교 성서주해대학원,대전,4,1,25.0
한국침례신학대학교 신학대학원,대전,140,61,48.0
한국항공대학교 항공·경영대학원,경기,71,64,91.4
한국해양대학교 글로벌물류대학원,부산,30,29,96.7
한국해양대학교 해양금융대학원,부산,26,23,92.0
한국해양대학교해사산업대학원,부산,85,80,96.4
한남대학교 경영·국방전략대학원,대전,40,38,95.0
한남대학교 사회문화·행정복지대학원,대전,102,78,88.6
한남대학교교육대학원,대전,54,35,68.6
한남대학교학제신학대학원,대전,19,5,26.3
한동대학교 교육대학원,경북,14,9,69.2
한동대학교 국제개발협력대학원,경북,21,1,25.0
한동대학교 국제경영대학원,경북,7,0,0.0
한동대학교 통역번역대학원,경북,5,4,80.0
한동대학교상담대학원,경북,26,20,76.9
한라대학교정보산업대학원,강원,12,12,100.0
한림국제대학원대학교,서울,100,65,84.4
한림대학교 간호대학원,강원,33,32,97.0
한림대학교 글로벌협력대학원,강원,39,23,95.8
한림대학교 보건과학대학원,강원,46,42,91.3
한림대학교 임상치의학대학원,강원,2,1,50.0
한림대학교경영대학원,강원,6,6,100.0
한림대학교사회복지대학원,강원,28,22,78.6
한반도국제대학원대학교,서울,12,4,40.0
한밭대학교 산업대학원,대전,50,46,95.8
한밭대학교 창업경영대학원,대전,66,65,98.5
한서대학교 국제예술디자인대학원,충남,1,0,0.0
한서대학교 항공융합대학원,충남,30,29,96.7
한서대학교 항공정보산업대학원,충남,2,0,0.0
한서대학교건강증진대학원,충남,13,9,75.0
한서대학교교육대학원,충남,17,13,81.3
한성대학교 국방과학대학원,서울,59,59,100.0
한성대학교 지식서비스&컨설팅대학원,서울,30,30,100.0
한성대학교경영대학원,서울,89,14,100.0
한성대학교교육대학원,서울,15,12,80.0
한성대학교부동산대학원,서울,7,5,83.3
한성대학교예술대학원,서울,27,14,77.8
한성대학교행정대학원,서울,24,20,100.0
한세대학교 공학대학원,경기,3,2,100.0
한세대학교 심리상담대학원,경기,20,13,65.0
한세대학교 영산신학대학원,경기,61,28,57.1
한세대학교 예술대학원,경기,17,13,81.3
한세대학교 휴먼서비스대학원,경기,24,23,100.0
한신대학교 사회혁신경영대학원,서울,7,6,100.0
한신대학교 정신분석대학원,경기,21,14,70.0
한신대학교교육대학원,경기,22,21,95.5
한신대학교신학대학원,서울,52,22,48.9
한양대학교 공공정책대학원,서울,70,62,93.9
한양대학교 보건대학원,서울,17,14,93.3
한양대학교 부동산융합대학원,서울,79,73,93.6
한양대학교 상담심리대학원,서울,64,51,82.3
한양대학교 융합산업대학원,경기,100,74,94.9
한양대학교 인공지능융합대학원,서울,7,6,100.0
한양대학교 임상간호대학원,서울,62,60,96.8
한양대학교 임상간호정보대학원,서울,1,0,0.0
한양대학교공학대학원,서울,181,173,95.6
한양대학교교육대학원,서울,103,62,60.8
한양대학교국제관광대학원,서울,29,19,76.0
한양대학교언론정보대학원,서울,65,19,95.0
한양사이버대학교 경영대학원,서울,102,84,83.2
한양사이버대학교 교육정보대학원,서울,30,24,82.8
한양사이버대학교 디자인대학원,서울,10,7,70.0
한양사이버대학교 미래융합공학대학원,서울,15,15,100.0
한양사이버대학교 부동산대학원,서울,23,20,87.0
한양사이버대학교 휴먼서비스대학원,서울,126,91,74.0
한일장신대학교 사회복지대학원,전북,11,8,72.7
한일장신대학교 심리치료대학원,전북,13,7,53.8
한일장신대학교신학대학원,전북,25,14,63.6
협성대학교교육대학원,경기,16,16,100.0
협성대학교사회복지대학원,경기,48,43,91.5
협성대학교신학대학원,경기,44,8,24.2
호남대학교 교육대학원,광주,22,18,81.8
호남대학교 사회융합대학원,광주,230,103,92.8
호남신학대학교 사회복지대학원,광주,6,5,83.3
호남신학대학교 상담대학원,광주,13,4,30.8
호남신학대학교교회음악대학원,광주,7,3,42.9
호남신학대학교신학대학원,광주,75,21,32.3
호서대학교 경영대학원,충남,8,8,100.0
호서대학교 교육대학원,충남,13,13,100.0
호서대학교 글로벌창업대학원,서울,21,20,100.0
호서대학교 문화복지상담대학원,충남,40,25,80.6
호서대학교 산학융합대학원,충남,3,3,100.0
호서대학교 스포츠과학대학원,충남,8,7,87.5
홍익대학교 건축도시대학원,서울,69,62,92.5
홍익대학교 경영대학원,서울,12,12,100.0
홍익대학교 공연예술대학원,서울,52,34,75.6
홍익대학교 광고홍보대학원,서울,9,7,77.8
홍익대학교 교육대학원,서울,42,26,63.4
홍익대학교 디자인콘텐츠대학원,서울,4,1,25.0
홍익대학교 문화예술경영대학원,서울,48,35,77.8
홍익대학교 문화정보정책대학원,세종,13,11,84.6
홍익대학교 미술대학원,서울,82,50,62.5
홍익대학교 산업미술대학원,서울,103,86,84.3
홍익대학교 영상·커뮤니케이션대학원,서울,57,46,82.1
홍익대학교 영상대학원,서울,3,2,66.7
홍익대학교 패션대학원,서울,30,15,75.0
세계사이버대학,경기,581,362,72.5
영남사이버대학교,경북,210,131,68.9
SPC식품과학대학,서울,20,20,100.0
포스코기술대학,경북,26,26,100.0
포스코기술대학,전남,20,20,100.0
LH토지주택대학교,대전,17,17,100.0
삼성전자공과대학교,경기,30,30,100.0
건양사이버대학교,대전,1079,736,71.6
경희사이버대학교,서울,2971,2140,76.4
고려사이버대학교,서울,2748,2026,77.1
국제사이버대학교,경기,838,598,76.8
글로벌사이버대학교,충남,555,395,75.8
대구사이버대학교,경북,1109,839,79.5
디지털서울문화예술대학교,서울,811,542,71.5
부산디지털대학교,부산,718,459,68.6
사이버한국외국어대학교,서울,1387,864,67.1
서울디지털대학교,서울,3097,2344,79.5
서울사이버대학교,서울,4157,3206,80.3
세종사이버대학교,서울,2907,2134,76.4
숭실사이버대학교,서울,2134,1573,77.1
원광디지털대학교,전북,1355,874,70.0
한국열린사이버대학교,서울,1664,1159,74.9
한양사이버대학교,서울,4077,3202,81.2
화신사이버대학교,부산,473,302,69.3
영진사이버대학교,대구,1798,1278,74.9
한국복지사이버대학,경북,1141,824,75.3
국제예술대학교,서울,294,152,60.8
백석예술대학교,서울,2814,1366,55.8
정화예술대학교,서울,676,456,70.2
정화예술대학교,서울,511,261,58.9
ICT폴리텍대학,경기,114,80,76.9
한국폴리텍 I 대학 성남캠퍼스,경기,368,262,75.9
한국폴리텍 I 대학 제주캠퍼스,제주,15,9,64.3
한국폴리텍 II 대학 남인천캠퍼스,인천,19,16,84.2
한국폴리텍 II 대학 화성캠퍼스,경기,5,4,80.0
한국폴리텍 III 대학 강릉캠퍼스,강원,56,49,92.5
한국폴리텍 III 대학 원주캠퍼스,강원,34,29,93.5
한국폴리텍 III 대학 춘천캠퍼스,강원,122,90,81.8
한국폴리텍 IV 대학 대전캠퍼스,대전,350,255,79.2
한국폴리텍 IV 대학 아산캠퍼스,충남,211,154,80.2
한국폴리텍 IV 대학 홍성캠퍼스,충남,91,65,83.3
한국폴리텍 V 대학 순천캠퍼스,전남,10,4,80.0
한국폴리텍 V 대학 전북캠퍼스,전북,189,117,66.1
한국폴리텍 VII 대학 울산캠퍼스,울산,312,244,80.5
한국폴리텍 Ⅵ 대학 영주캠퍼스,경북,29,25,86.2
한국폴리텍 특성화대학 로봇캠퍼스,경북,66,50,83.3
한국폴리텍IV 대학 청주캠퍼스,충북,321,254,82.5
한국폴리텍VII대학 창원캠퍼스,경남,657,522,83.8
한국폴리텍V대학 광주캠퍼스,광주,334,260,84.4
한국폴리텍V대학 전남캠퍼스,전남,90,67,84.8
한국폴리텍Ⅴ대학 익산캠퍼스,전북,64,53,86.9
한국폴리텍Ⅶ대학 부산캠퍼스,부산,378,274,77.6
한국폴리텍대학 구미캠퍼스,경북,247,195,81.3
한국폴리텍대학 대구캠퍼스,대구,270,197,77.6
한국폴리텍대학 서울강서캠퍼스,서울,198,132,79.0
한국폴리텍대학 서울정수캠퍼스,서울,616,448,79.6
한국폴리텍대학 영남융합기술캠퍼스,대구,79,50,80.6
한국폴리텍대학 인천캠퍼스,인천,843,599,78.1
한국폴리텍대학 항공캠퍼스,경남,260,171,76.3
한국폴리텍대학바이오캠퍼스,충남,211,175,84.5
한국폴리텍특성화대학 반도체융합캠퍼스,경기,291,202,75.1
